month,tasmax,year,country,iso3,season
Jan,6.0,1960,United Kingdom,GBR,winter
Feb,5.7,1960,United Kingdom,GBR,winter
Mar,8.1,1960,United Kingdom,GBR,spring
Apr,12.2,1960,United Kingdom,GBR,spring
May,16.2,1960,United Kingdom,GBR,spring
Jun,19.4,1960,United Kingdom,GBR,summer
Jul,17.8,1960,United Kingdom,GBR,summer
Aug,17.8,1960,United Kingdom,GBR,summer
Sep,15.7,1960,United Kingdom,GBR,autumn
Oct,12.1,1960,United Kingdom,GBR,autumn
Nov,9.0,1960,United Kingdom,GBR,autumn
Dec,5.4,1960,United Kingdom,GBR,winter
Jan,5.3,1961,United Kingdom,GBR,winter
Feb,8.5,1961,United Kingdom,GBR,winter
Mar,11.1,1961,United Kingdom,GBR,spring
Apr,12.1,1961,United Kingdom,GBR,spring
May,14.2,1961,United Kingdom,GBR,spring
Jun,17.4,1961,United Kingdom,GBR,summer
Jul,17.6,1961,United Kingdom,GBR,summer
Aug,18.1,1961,United Kingdom,GBR,summer
Sep,17.5,1961,United Kingdom,GBR,autumn
Oct,13.0,1961,United Kingdom,GBR,autumn
Nov,8.0,1961,United Kingdom,GBR,autumn
Dec,4.5,1961,United Kingdom,GBR,winter
Jan,6.3,1962,United Kingdom,GBR,winter
Feb,6.6,1962,United Kingdom,GBR,winter
Mar,5.5,1962,United Kingdom,GBR,spring
Apr,10.5,1962,United Kingdom,GBR,spring
May,12.9,1962,United Kingdom,GBR,spring
Jun,17.1,1962,United Kingdom,GBR,summer
Jul,17.2,1962,United Kingdom,GBR,summer
Aug,16.8,1962,United Kingdom,GBR,summer
Sep,14.8,1962,United Kingdom,GBR,autumn
Oct,13.0,1962,United Kingdom,GBR,autumn
Nov,7.5,1962,United Kingdom,GBR,autumn
Dec,5.1,1962,United Kingdom,GBR,winter
Jan,1.3,1963,United Kingdom,GBR,winter
Feb,2.0,1963,United Kingdom,GBR,winter
Mar,8.3,1963,United Kingdom,GBR,spring
Apr,10.8,1963,United Kingdom,GBR,spring
May,13.2,1963,United Kingdom,GBR,spring
Jun,17.4,1963,United Kingdom,GBR,summer
Jul,17.8,1963,United Kingdom,GBR,summer
Aug,16.6,1963,United Kingdom,GBR,summer
Sep,15.6,1963,United Kingdom,GBR,autumn
Oct,12.9,1963,United Kingdom,GBR,autumn
Nov,9.3,1963,United Kingdom,GBR,autumn
Dec,4.9,1963,United Kingdom,GBR,winter
Jan,5.9,1964,United Kingdom,GBR,winter
Feb,6.3,1964,United Kingdom,GBR,winter
Mar,6.1,1964,United Kingdom,GBR,spring
Apr,11.1,1964,United Kingdom,GBR,spring
May,15.7,1964,United Kingdom,GBR,spring
Jun,16.4,1964,United Kingdom,GBR,summer
Jul,18.5,1964,United Kingdom,GBR,summer
Aug,18.2,1964,United Kingdom,GBR,summer
Sep,17.1,1964,United Kingdom,GBR,autumn
Oct,11.8,1964,United Kingdom,GBR,autumn
Nov,9.3,1964,United Kingdom,GBR,autumn
Dec,5.8,1964,United Kingdom,GBR,winter
Jan,5.0,1965,United Kingdom,GBR,winter
Feb,5.2,1965,United Kingdom,GBR,winter
Mar,8.0,1965,United Kingdom,GBR,spring
Apr,11.1,1965,United Kingdom,GBR,spring
May,14.0,1965,United Kingdom,GBR,spring
Jun,17.1,1965,United Kingdom,GBR,summer
Jul,16.2,1965,United Kingdom,GBR,summer
Aug,17.7,1965,United Kingdom,GBR,summer
Sep,14.6,1965,United Kingdom,GBR,autumn
Oct,13.4,1965,United Kingdom,GBR,autumn
Nov,6.4,1965,United Kingdom,GBR,autumn
Dec,6.2,1965,United Kingdom,GBR,winter
Jan,4.3,1966,United Kingdom,GBR,winter
Feb,6.4,1966,United Kingdom,GBR,winter
Mar,9.0,1966,United Kingdom,GBR,spring
Apr,9.0,1966,United Kingdom,GBR,spring
May,14.4,1966,United Kingdom,GBR,spring
Jun,17.9,1966,United Kingdom,GBR,summer
Jul,17.8,1966,United Kingdom,GBR,summer
Aug,17.4,1966,United Kingdom,GBR,summer
Sep,16.5,1966,United Kingdom,GBR,autumn
Oct,12.2,1966,United Kingdom,GBR,autumn
Nov,7.3,1966,United Kingdom,GBR,autumn
Dec,7.0,1966,United Kingdom,GBR,winter
Jan,6.0,1967,United Kingdom,GBR,winter
Feb,7.2,1967,United Kingdom,GBR,winter
Mar,8.9,1967,United Kingdom,GBR,spring
Apr,10.7,1967,United Kingdom,GBR,spring
May,12.7,1967,United Kingdom,GBR,spring
Jun,17.6,1967,United Kingdom,GBR,summer
Jul,19.1,1967,United Kingdom,GBR,summer
Aug,18.3,1967,United Kingdom,GBR,summer
Sep,16.0,1967,United Kingdom,GBR,autumn
Oct,12.2,1967,United Kingdom,GBR,autumn
Nov,8.1,1967,United Kingdom,GBR,autumn
Dec,6.4,1967,United Kingdom,GBR,winter
Jan,6.2,1968,United Kingdom,GBR,winter
Feb,3.9,1968,United Kingdom,GBR,winter
Mar,8.7,1968,United Kingdom,GBR,spring
Apr,11.2,1968,United Kingdom,GBR,spring
May,12.4,1968,United Kingdom,GBR,spring
Jun,17.9,1968,United Kingdom,GBR,summer
Jul,17.4,1968,United Kingdom,GBR,summer
Aug,18.1,1968,United Kingdom,GBR,summer
Sep,16.0,1968,United Kingdom,GBR,autumn
Oct,13.9,1968,United Kingdom,GBR,autumn
Nov,8.0,1968,United Kingdom,GBR,autumn
Dec,5.0,1968,United Kingdom,GBR,winter
Jan,6.8,1969,United Kingdom,GBR,winter
Feb,2.9,1969,United Kingdom,GBR,winter
Mar,5.6,1969,United Kingdom,GBR,spring
Apr,10.8,1969,United Kingdom,GBR,spring
May,13.5,1969,United Kingdom,GBR,spring
Jun,17.6,1969,United Kingdom,GBR,summer
Jul,19.6,1969,United Kingdom,GBR,summer
Aug,18.9,1969,United Kingdom,GBR,summer
Sep,16.4,1969,United Kingdom,GBR,autumn
Oct,15.1,1969,United Kingdom,GBR,autumn
Nov,7.1,1969,United Kingdom,GBR,autumn
Dec,5.2,1969,United Kingdom,GBR,winter
Jan,5.4,1970,United Kingdom,GBR,winter
Feb,5.0,1970,United Kingdom,GBR,winter
Mar,6.5,1970,United Kingdom,GBR,spring
Apr,9.3,1970,United Kingdom,GBR,spring
May,15.5,1970,United Kingdom,GBR,spring
Jun,19.6,1970,United Kingdom,GBR,summer
Jul,17.3,1970,United Kingdom,GBR,summer
Aug,18.8,1970,United Kingdom,GBR,summer
Sep,16.6,1970,United Kingdom,GBR,autumn
Oct,12.9,1970,United Kingdom,GBR,autumn
Nov,9.2,1970,United Kingdom,GBR,autumn
Dec,6.0,1970,United Kingdom,GBR,winter
Jan,6.3,1971,United Kingdom,GBR,winter
Feb,7.1,1971,United Kingdom,GBR,winter
Mar,7.8,1971,United Kingdom,GBR,spring
Apr,10.7,1971,United Kingdom,GBR,spring
May,15.1,1971,United Kingdom,GBR,spring
Jun,15.2,1971,United Kingdom,GBR,summer
Jul,20.0,1971,United Kingdom,GBR,summer
Aug,18.0,1971,United Kingdom,GBR,summer
Sep,17.7,1971,United Kingdom,GBR,autumn
Oct,14.3,1971,United Kingdom,GBR,autumn
Nov,8.6,1971,United Kingdom,GBR,autumn
Dec,8.4,1971,United Kingdom,GBR,winter
Jan,5.4,1972,United Kingdom,GBR,winter
Feb,6.2,1972,United Kingdom,GBR,winter
Mar,9.2,1972,United Kingdom,GBR,spring
Apr,11.0,1972,United Kingdom,GBR,spring
May,13.3,1972,United Kingdom,GBR,spring
Jun,14.7,1972,United Kingdom,GBR,summer
Jul,18.5,1972,United Kingdom,GBR,summer
Aug,17.9,1972,United Kingdom,GBR,summer
Sep,15.0,1972,United Kingdom,GBR,autumn
Oct,13.3,1972,United Kingdom,GBR,autumn
Nov,8.3,1972,United Kingdom,GBR,autumn
Dec,7.7,1972,United Kingdom,GBR,winter
Jan,6.2,1973,United Kingdom,GBR,winter
Feb,6.5,1973,United Kingdom,GBR,winter
Mar,9.6,1973,United Kingdom,GBR,spring
Apr,9.9,1973,United Kingdom,GBR,spring
May,13.9,1973,United Kingdom,GBR,spring
Jun,18.1,1973,United Kingdom,GBR,summer
Jul,18.4,1973,United Kingdom,GBR,summer
Aug,19.3,1973,United Kingdom,GBR,summer
Sep,16.7,1973,United Kingdom,GBR,autumn
Oct,11.8,1973,United Kingdom,GBR,autumn
Nov,8.3,1973,United Kingdom,GBR,autumn
Dec,6.9,1973,United Kingdom,GBR,winter
Jan,7.9,1974,United Kingdom,GBR,winter
Feb,7.3,1974,United Kingdom,GBR,winter
Mar,7.9,1974,United Kingdom,GBR,spring
Apr,11.6,1974,United Kingdom,GBR,spring
May,14.3,1974,United Kingdom,GBR,spring
Jun,16.8,1974,United Kingdom,GBR,summer
Jul,17.4,1974,United Kingdom,GBR,summer
Aug,18.1,1974,United Kingdom,GBR,summer
Sep,14.3,1974,United Kingdom,GBR,autumn
Oct,9.9,1974,United Kingdom,GBR,autumn
Nov,8.4,1974,United Kingdom,GBR,autumn
Dec,8.9,1974,United Kingdom,GBR,winter
Jan,8.1,1975,United Kingdom,GBR,winter
Feb,6.9,1975,United Kingdom,GBR,winter
Mar,7.0,1975,United Kingdom,GBR,spring
Apr,10.7,1975,United Kingdom,GBR,spring
May,13.1,1975,United Kingdom,GBR,spring
Jun,18.6,1975,United Kingdom,GBR,summer
Jul,19.9,1975,United Kingdom,GBR,summer
Aug,21.6,1975,United Kingdom,GBR,summer
Sep,15.9,1975,United Kingdom,GBR,autumn
Oct,12.7,1975,United Kingdom,GBR,autumn
Nov,8.6,1975,United Kingdom,GBR,autumn
Dec,7.3,1975,United Kingdom,GBR,winter
Jan,7.1,1976,United Kingdom,GBR,winter
Feb,6.4,1976,United Kingdom,GBR,winter
Mar,7.2,1976,United Kingdom,GBR,spring
Apr,11.1,1976,United Kingdom,GBR,spring
May,14.6,1976,United Kingdom,GBR,spring
Jun,20.0,1976,United Kingdom,GBR,summer
Jul,21.7,1976,United Kingdom,GBR,summer
Aug,21.3,1976,United Kingdom,GBR,summer
Sep,15.5,1976,United Kingdom,GBR,autumn
Oct,12.3,1976,United Kingdom,GBR,autumn
Nov,8.4,1976,United Kingdom,GBR,autumn
Dec,3.8,1976,United Kingdom,GBR,winter
Jan,4.6,1977,United Kingdom,GBR,winter
Feb,6.3,1977,United Kingdom,GBR,winter
Mar,8.9,1977,United Kingdom,GBR,spring
Apr,9.8,1977,United Kingdom,GBR,spring
May,13.9,1977,United Kingdom,GBR,spring
Jun,15.6,1977,United Kingdom,GBR,summer
Jul,19.0,1977,United Kingdom,GBR,summer
Aug,18.2,1977,United Kingdom,GBR,summer
Sep,15.2,1977,United Kingdom,GBR,autumn
Oct,13.9,1977,United Kingdom,GBR,autumn
Nov,7.9,1977,United Kingdom,GBR,autumn
Dec,7.4,1977,United Kingdom,GBR,winter
Jan,5.0,1978,United Kingdom,GBR,winter
Feb,4.2,1978,United Kingdom,GBR,winter
Mar,8.9,1978,United Kingdom,GBR,spring
Apr,9.0,1978,United Kingdom,GBR,spring
May,15.2,1978,United Kingdom,GBR,spring
Jun,16.6,1978,United Kingdom,GBR,summer
Jul,17.1,1978,United Kingdom,GBR,summer
Aug,17.4,1978,United Kingdom,GBR,summer
Sep,16.1,1978,United Kingdom,GBR,autumn
Oct,14.0,1978,United Kingdom,GBR,autumn
Nov,10.3,1978,United Kingdom,GBR,autumn
Dec,5.7,1978,United Kingdom,GBR,winter
Jan,2.8,1979,United Kingdom,GBR,winter
Feb,3.3,1979,United Kingdom,GBR,winter
Mar,6.4,1979,United Kingdom,GBR,spring
Apr,10.0,1979,United Kingdom,GBR,spring
May,12.5,1979,United Kingdom,GBR,spring
Jun,17.0,1979,United Kingdom,GBR,summer
Jul,18.7,1979,United Kingdom,GBR,summer
Aug,17.4,1979,United Kingdom,GBR,summer
Sep,16.0,1979,United Kingdom,GBR,autumn
Oct,13.4,1979,United Kingdom,GBR,autumn
Nov,9.0,1979,United Kingdom,GBR,autumn
Dec,6.9,1979,United Kingdom,GBR,winter
Jan,4.2,1980,United Kingdom,GBR,winter
Feb,7.2,1980,United Kingdom,GBR,winter
Mar,6.8,1980,United Kingdom,GBR,spring
Apr,12.1,1980,United Kingdom,GBR,spring
May,15.2,1980,United Kingdom,GBR,spring
Jun,16.5,1980,United Kingdom,GBR,summer
Jul,17.2,1980,United Kingdom,GBR,summer
Aug,18.2,1980,United Kingdom,GBR,summer
Sep,16.7,1980,United Kingdom,GBR,autumn
Oct,11.2,1980,United Kingdom,GBR,autumn
Nov,8.1,1980,United Kingdom,GBR,autumn
Dec,7.4,1980,United Kingdom,GBR,winter
Jan,6.6,1981,United Kingdom,GBR,winter
Feb,5.3,1981,United Kingdom,GBR,winter
Mar,9.2,1981,United Kingdom,GBR,spring
Apr,10.9,1981,United Kingdom,GBR,spring
May,14.4,1981,United Kingdom,GBR,spring
Jun,15.9,1981,United Kingdom,GBR,summer
Jul,18.1,1981,United Kingdom,GBR,summer
Aug,19.4,1981,United Kingdom,GBR,summer
Sep,17.2,1981,United Kingdom,GBR,autumn
Oct,10.2,1981,United Kingdom,GBR,autumn
Nov,9.3,1981,United Kingdom,GBR,autumn
Dec,3.4,1981,United Kingdom,GBR,winter
Jan,5.0,1982,United Kingdom,GBR,winter
Feb,6.9,1982,United Kingdom,GBR,winter
Mar,8.6,1982,United Kingdom,GBR,spring
Apr,12.1,1982,United Kingdom,GBR,spring
May,15.2,1982,United Kingdom,GBR,spring
Jun,17.6,1982,United Kingdom,GBR,summer
Jul,19.7,1982,United Kingdom,GBR,summer
Aug,18.3,1982,United Kingdom,GBR,summer
Sep,16.8,1982,United Kingdom,GBR,autumn
Oct,12.2,1982,United Kingdom,GBR,autumn
Nov,9.0,1982,United Kingdom,GBR,autumn
Dec,6.3,1982,United Kingdom,GBR,winter
Jan,7.8,1983,United Kingdom,GBR,winter
Feb,4.0,1983,United Kingdom,GBR,winter
Mar,8.4,1983,United Kingdom,GBR,spring
Apr,9.4,1983,United Kingdom,GBR,spring
May,12.4,1983,United Kingdom,GBR,spring
Jun,16.9,1983,United Kingdom,GBR,summer
Jul,22.2,1983,United Kingdom,GBR,summer
Aug,20.8,1983,United Kingdom,GBR,summer
Sep,15.5,1983,United Kingdom,GBR,autumn
Oct,12.5,1983,United Kingdom,GBR,autumn
Nov,9.2,1983,United Kingdom,GBR,autumn
Dec,7.7,1983,United Kingdom,GBR,winter
Jan,5.0,1984,United Kingdom,GBR,winter
Feb,5.7,1984,United Kingdom,GBR,winter
Mar,6.7,1984,United Kingdom,GBR,spring
Apr,12.1,1984,United Kingdom,GBR,spring
May,13.8,1984,United Kingdom,GBR,spring
Jun,17.6,1984,United Kingdom,GBR,summer
Jul,20.6,1984,United Kingdom,GBR,summer
Aug,20.8,1984,United Kingdom,GBR,summer
Sep,15.4,1984,United Kingdom,GBR,autumn
Oct,13.1,1984,United Kingdom,GBR,autumn
Nov,9.1,1984,United Kingdom,GBR,autumn
Dec,7.2,1984,United Kingdom,GBR,winter
Jan,3.0,1985,United Kingdom,GBR,winter
Feb,5.0,1985,United Kingdom,GBR,winter
Mar,7.1,1985,United Kingdom,GBR,spring
Apr,10.9,1985,United Kingdom,GBR,spring
May,13.8,1985,United Kingdom,GBR,spring
Jun,15.7,1985,United Kingdom,GBR,summer
Jul,18.5,1985,United Kingdom,GBR,summer
Aug,16.8,1985,United Kingdom,GBR,summer
Sep,16.5,1985,United Kingdom,GBR,autumn
Oct,13.3,1985,United Kingdom,GBR,autumn
Nov,6.1,1985,United Kingdom,GBR,autumn
Dec,7.5,1985,United Kingdom,GBR,winter
Jan,5.1,1986,United Kingdom,GBR,winter
Feb,1.3,1986,United Kingdom,GBR,winter
Mar,7.6,1986,United Kingdom,GBR,spring
Apr,8.4,1986,United Kingdom,GBR,spring
May,13.7,1986,United Kingdom,GBR,spring
Jun,17.9,1986,United Kingdom,GBR,summer
Jul,18.2,1986,United Kingdom,GBR,summer
Aug,16.1,1986,United Kingdom,GBR,summer
Sep,14.9,1986,United Kingdom,GBR,autumn
Oct,13.1,1986,United Kingdom,GBR,autumn
Nov,9.7,1986,United Kingdom,GBR,autumn
Dec,7.4,1986,United Kingdom,GBR,winter
Jan,3.0,1987,United Kingdom,GBR,winter
Feb,6.1,1987,United Kingdom,GBR,winter
Mar,6.6,1987,United Kingdom,GBR,spring
Apr,12.8,1987,United Kingdom,GBR,spring
May,13.4,1987,United Kingdom,GBR,spring
Jun,15.1,1987,United Kingdom,GBR,summer
Jul,18.5,1987,United Kingdom,GBR,summer
Aug,18.2,1987,United Kingdom,GBR,summer
Sep,16.1,1987,United Kingdom,GBR,autumn
Oct,11.8,1987,United Kingdom,GBR,autumn
Nov,8.2,1987,United Kingdom,GBR,autumn
Dec,7.2,1987,United Kingdom,GBR,winter
Jan,6.7,1988,United Kingdom,GBR,winter
Feb,6.7,1988,United Kingdom,GBR,winter
Mar,8.2,1988,United Kingdom,GBR,spring
Apr,11.0,1988,United Kingdom,GBR,spring
May,15.0,1988,United Kingdom,GBR,spring
Jun,17.8,1988,United Kingdom,GBR,summer
Jul,17.0,1988,United Kingdom,GBR,summer
Aug,18.0,1988,United Kingdom,GBR,summer
Sep,15.7,1988,United Kingdom,GBR,autumn
Oct,12.5,1988,United Kingdom,GBR,autumn
Nov,8.6,1988,United Kingdom,GBR,autumn
Dec,9.1,1988,United Kingdom,GBR,winter
Jan,8.6,1989,United Kingdom,GBR,winter
Feb,8.0,1989,United Kingdom,GBR,winter
Mar,9.7,1989,United Kingdom,GBR,spring
Apr,9.2,1989,United Kingdom,GBR,spring
May,16.5,1989,United Kingdom,GBR,spring
Jun,18.1,1989,United Kingdom,GBR,summer
Jul,21.5,1989,United Kingdom,GBR,summer
Aug,19.4,1989,United Kingdom,GBR,summer
Sep,16.8,1989,United Kingdom,GBR,autumn
Oct,13.8,1989,United Kingdom,GBR,autumn
Nov,8.8,1989,United Kingdom,GBR,autumn
Dec,6.3,1989,United Kingdom,GBR,winter
Jan,8.1,1990,United Kingdom,GBR,winter
Feb,8.6,1990,United Kingdom,GBR,winter
Mar,10.5,1990,United Kingdom,GBR,spring
Apr,11.7,1990,United Kingdom,GBR,spring
May,16.5,1990,United Kingdom,GBR,spring
Jun,16.5,1990,United Kingdom,GBR,summer
Jul,20.1,1990,United Kingdom,GBR,summer
Aug,20.6,1990,United Kingdom,GBR,summer
Sep,15.8,1990,United Kingdom,GBR,autumn
Oct,13.4,1990,United Kingdom,GBR,autumn
Nov,8.5,1990,United Kingdom,GBR,autumn
Dec,6.2,1990,United Kingdom,GBR,winter
Jan,5.2,1991,United Kingdom,GBR,winter
Feb,4.5,1991,United Kingdom,GBR,winter
Mar,9.9,1991,United Kingdom,GBR,spring
Apr,10.7,1991,United Kingdom,GBR,spring
May,14.0,1991,United Kingdom,GBR,spring
Jun,15.0,1991,United Kingdom,GBR,summer
Jul,19.9,1991,United Kingdom,GBR,summer
Aug,20.2,1991,United Kingdom,GBR,summer
Sep,17.8,1991,United Kingdom,GBR,autumn
Oct,12.0,1991,United Kingdom,GBR,autumn
Nov,8.7,1991,United Kingdom,GBR,autumn
Dec,7.1,1991,United Kingdom,GBR,winter
Jan,6.1,1992,United Kingdom,GBR,winter
Feb,7.9,1992,United Kingdom,GBR,winter
Mar,9.2,1992,United Kingdom,GBR,spring
Apr,11.0,1992,United Kingdom,GBR,spring
May,16.9,1992,United Kingdom,GBR,spring
Jun,19.2,1992,United Kingdom,GBR,summer
Jul,18.7,1992,United Kingdom,GBR,summer
Aug,17.9,1992,United Kingdom,GBR,summer
Sep,15.3,1992,United Kingdom,GBR,autumn
Oct,10.1,1992,United Kingdom,GBR,autumn
Nov,9.4,1992,United Kingdom,GBR,autumn
Dec,5.8,1992,United Kingdom,GBR,winter
Jan,7.7,1993,United Kingdom,GBR,winter
Feb,6.9,1993,United Kingdom,GBR,winter
Mar,9.0,1993,United Kingdom,GBR,spring
Apr,11.7,1993,United Kingdom,GBR,spring
May,14.2,1993,United Kingdom,GBR,spring
Jun,17.5,1993,United Kingdom,GBR,summer
Jul,17.7,1993,United Kingdom,GBR,summer
Aug,17.5,1993,United Kingdom,GBR,summer
Sep,14.9,1993,United Kingdom,GBR,autumn
Oct,10.5,1993,United Kingdom,GBR,autumn
Nov,7.0,1993,United Kingdom,GBR,autumn
Dec,6.5,1993,United Kingdom,GBR,winter
Jan,6.6,1994,United Kingdom,GBR,winter
Feb,5.2,1994,United Kingdom,GBR,winter
Mar,9.1,1994,United Kingdom,GBR,spring
Apr,10.6,1994,United Kingdom,GBR,spring
May,13.5,1994,United Kingdom,GBR,spring
Jun,17.1,1994,United Kingdom,GBR,summer
Jul,20.6,1994,United Kingdom,GBR,summer
Aug,18.4,1994,United Kingdom,GBR,summer
Sep,15.0,1994,United Kingdom,GBR,autumn
Oct,12.6,1994,United Kingdom,GBR,autumn
Nov,11.3,1994,United Kingdom,GBR,autumn
Dec,8.2,1994,United Kingdom,GBR,winter
Jan,6.6,1995,United Kingdom,GBR,winter
Feb,7.9,1995,United Kingdom,GBR,winter
Mar,7.9,1995,United Kingdom,GBR,spring
Apr,11.7,1995,United Kingdom,GBR,spring
May,15.0,1995,United Kingdom,GBR,spring
Jun,17.8,1995,United Kingdom,GBR,summer
Jul,21.5,1995,United Kingdom,GBR,summer
Aug,22.6,1995,United Kingdom,GBR,summer
Sep,16.2,1995,United Kingdom,GBR,autumn
Oct,15.1,1995,United Kingdom,GBR,autumn
Nov,9.8,1995,United Kingdom,GBR,autumn
Dec,4.3,1995,United Kingdom,GBR,winter
Jan,5.9,1996,United Kingdom,GBR,winter
Feb,5.2,1996,United Kingdom,GBR,winter
Mar,6.4,1996,United Kingdom,GBR,spring
Apr,11.4,1996,United Kingdom,GBR,spring
May,12.4,1996,United Kingdom,GBR,spring
Jun,17.9,1996,United Kingdom,GBR,summer
Jul,19.4,1996,United Kingdom,GBR,summer
Aug,19.4,1996,United Kingdom,GBR,summer
Sep,16.5,1996,United Kingdom,GBR,autumn
Oct,13.6,1996,United Kingdom,GBR,autumn
Nov,7.9,1996,United Kingdom,GBR,autumn
Dec,4.9,1996,United Kingdom,GBR,winter
Jan,4.7,1997,United Kingdom,GBR,winter
Feb,8.3,1997,United Kingdom,GBR,winter
Mar,10.6,1997,United Kingdom,GBR,spring
Apr,12.3,1997,United Kingdom,GBR,spring
May,14.9,1997,United Kingdom,GBR,spring
Jun,16.5,1997,United Kingdom,GBR,summer
Jul,19.7,1997,United Kingdom,GBR,summer
Aug,21.4,1997,United Kingdom,GBR,summer
Sep,16.8,1997,United Kingdom,GBR,autumn
Oct,13.1,1997,United Kingdom,GBR,autumn
Nov,10.2,1997,United Kingdom,GBR,autumn
Dec,7.5,1997,United Kingdom,GBR,winter
Jan,6.8,1998,United Kingdom,GBR,winter
Feb,9.3,1998,United Kingdom,GBR,winter
Mar,9.8,1998,United Kingdom,GBR,spring
Apr,10.1,1998,United Kingdom,GBR,spring
May,15.9,1998,United Kingdom,GBR,spring
Jun,16.4,1998,United Kingdom,GBR,summer
Jul,17.8,1998,United Kingdom,GBR,summer
Aug,18.8,1998,United Kingdom,GBR,summer
Sep,16.7,1998,United Kingdom,GBR,autumn
Oct,12.1,1998,United Kingdom,GBR,autumn
Nov,8.2,1998,United Kingdom,GBR,autumn
Dec,7.5,1998,United Kingdom,GBR,winter
Jan,6.9,1999,United Kingdom,GBR,winter
Feb,6.8,1999,United Kingdom,GBR,winter
Mar,9.3,1999,United Kingdom,GBR,spring
Apr,12.0,1999,United Kingdom,GBR,spring
May,15.4,1999,United Kingdom,GBR,spring
Jun,16.7,1999,United Kingdom,GBR,summer
Jul,20.4,1999,United Kingdom,GBR,summer
Aug,18.8,1999,United Kingdom,GBR,summer
Sep,18.0,1999,United Kingdom,GBR,autumn
Oct,13.1,1999,United Kingdom,GBR,autumn
Nov,9.4,1999,United Kingdom,GBR,autumn
Dec,6.3,1999,United Kingdom,GBR,winter
Jan,6.7,2000,United Kingdom,GBR,winter
Feb,7.9,2000,United Kingdom,GBR,winter
Mar,9.6,2000,United Kingdom,GBR,spring
Apr,10.3,2000,United Kingdom,GBR,spring
May,15.4,2000,United Kingdom,GBR,spring
Jun,17.0,2000,United Kingdom,GBR,summer
Jul,18.1,2000,United Kingdom,GBR,summer
Aug,19.5,2000,United Kingdom,GBR,summer
Sep,16.8,2000,United Kingdom,GBR,autumn
Oct,12.4,2000,United Kingdom,GBR,autumn
Nov,8.5,2000,United Kingdom,GBR,autumn
Dec,6.7,2000,United Kingdom,GBR,winter
Jan,5.4,2001,United Kingdom,GBR,winter
Feb,6.4,2001,United Kingdom,GBR,winter
Mar,7.3,2001,United Kingdom,GBR,spring
Apr,10.2,2001,United Kingdom,GBR,spring
May,16.1,2001,United Kingdom,GBR,spring
Jun,16.8,2001,United Kingdom,GBR,summer
Jul,19.2,2001,United Kingdom,GBR,summer
Aug,19.2,2001,United Kingdom,GBR,summer
Sep,15.6,2001,United Kingdom,GBR,autumn
Oct,14.7,2001,United Kingdom,GBR,autumn
Nov,9.5,2001,United Kingdom,GBR,autumn
Dec,6.0,2001,United Kingdom,GBR,winter
Jan,7.5,2002,United Kingdom,GBR,winter
Feb,8.1,2002,United Kingdom,GBR,winter
Mar,9.7,2002,United Kingdom,GBR,spring
Apr,12.3,2002,United Kingdom,GBR,spring
May,14.6,2002,United Kingdom,GBR,spring
Jun,17.2,2002,United Kingdom,GBR,summer
Jul,18.2,2002,United Kingdom,GBR,summer
Aug,19.3,2002,United Kingdom,GBR,summer
Sep,17.0,2002,United Kingdom,GBR,autumn
Oct,11.9,2002,United Kingdom,GBR,autumn
Nov,9.8,2002,United Kingdom,GBR,autumn
Dec,6.6,2002,United Kingdom,GBR,winter
Jan,5.8,2003,United Kingdom,GBR,winter
Feb,6.4,2003,United Kingdom,GBR,winter
Mar,10.6,2003,United Kingdom,GBR,spring
Apr,13.2,2003,United Kingdom,GBR,spring
May,14.7,2003,United Kingdom,GBR,spring
Jun,18.9,2003,United Kingdom,GBR,summer
Jul,20.2,2003,United Kingdom,GBR,summer
Aug,20.9,2003,United Kingdom,GBR,summer
Sep,17.5,2003,United Kingdom,GBR,autumn
Oct,11.8,2003,United Kingdom,GBR,autumn
Nov,9.8,2003,United Kingdom,GBR,autumn
Dec,6.7,2003,United Kingdom,GBR,winter
Jan,6.3,2004,United Kingdom,GBR,winter
Feb,6.7,2004,United Kingdom,GBR,winter
Mar,8.9,2004,United Kingdom,GBR,spring
Apr,12.0,2004,United Kingdom,GBR,spring
May,15.3,2004,United Kingdom,GBR,spring
Jun,18.1,2004,United Kingdom,GBR,summer
Jul,18.5,2004,United Kingdom,GBR,summer
Aug,19.7,2004,United Kingdom,GBR,summer
Sep,17.0,2004,United Kingdom,GBR,autumn
Oct,12.1,2004,United Kingdom,GBR,autumn
Nov,9.3,2004,United Kingdom,GBR,autumn
Dec,7.1,2004,United Kingdom,GBR,winter
Jan,7.4,2005,United Kingdom,GBR,winter
Feb,5.7,2005,United Kingdom,GBR,winter
Mar,9.1,2005,United Kingdom,GBR,spring
Apr,11.7,2005,United Kingdom,GBR,spring
May,14.2,2005,United Kingdom,GBR,spring
Jun,18.2,2005,United Kingdom,GBR,summer
Jul,19.2,2005,United Kingdom,GBR,summer
Aug,19.2,2005,United Kingdom,GBR,summer
Sep,17.4,2005,United Kingdom,GBR,autumn
Oct,14.0,2005,United Kingdom,GBR,autumn
Nov,8.5,2005,United Kingdom,GBR,autumn
Dec,6.6,2005,United Kingdom,GBR,winter
Jan,5.9,2006,United Kingdom,GBR,winter
Feb,5.8,2006,United Kingdom,GBR,winter
Mar,6.8,2006,United Kingdom,GBR,spring
Apr,11.1,2006,United Kingdom,GBR,spring
May,14.7,2006,United Kingdom,GBR,spring
Jun,19.0,2006,United Kingdom,GBR,summer
Jul,22.4,2006,United Kingdom,GBR,summer
Aug,18.7,2006,United Kingdom,GBR,summer
Sep,18.5,2006,United Kingdom,GBR,autumn
Oct,14.6,2006,United Kingdom,GBR,autumn
Nov,10.0,2006,United Kingdom,GBR,autumn
Dec,7.6,2006,United Kingdom,GBR,winter
Jan,7.8,2007,United Kingdom,GBR,winter
Feb,7.8,2007,United Kingdom,GBR,winter
Mar,9.6,2007,United Kingdom,GBR,spring
Apr,14.7,2007,United Kingdom,GBR,spring
May,14.9,2007,United Kingdom,GBR,spring
Jun,17.7,2007,United Kingdom,GBR,summer
Jul,18.2,2007,United Kingdom,GBR,summer
Aug,18.3,2007,United Kingdom,GBR,summer
Sep,16.4,2007,United Kingdom,GBR,autumn
Oct,13.5,2007,United Kingdom,GBR,autumn
Nov,9.6,2007,United Kingdom,GBR,autumn
Dec,7.0,2007,United Kingdom,GBR,winter
Jan,7.4,2008,United Kingdom,GBR,winter
Feb,8.3,2008,United Kingdom,GBR,winter
Mar,8.3,2008,United Kingdom,GBR,spring
Apr,11.0,2008,United Kingdom,GBR,spring
May,16.7,2008,United Kingdom,GBR,spring
Jun,17.4,2008,United Kingdom,GBR,summer
Jul,19.4,2008,United Kingdom,GBR,summer
Aug,18.5,2008,United Kingdom,GBR,summer
Sep,16.0,2008,United Kingdom,GBR,autumn
Oct,12.0,2008,United Kingdom,GBR,autumn
Nov,8.5,2008,United Kingdom,GBR,autumn
Dec,5.8,2008,United Kingdom,GBR,winter
Jan,5.1,2009,United Kingdom,GBR,winter
Feb,6.1,2009,United Kingdom,GBR,winter
Mar,9.5,2009,United Kingdom,GBR,spring
Apr,12.6,2009,United Kingdom,GBR,spring
May,15.2,2009,United Kingdom,GBR,spring
Jun,18.4,2009,United Kingdom,GBR,summer
Jul,19.4,2009,United Kingdom,GBR,summer
Aug,19.4,2009,United Kingdom,GBR,summer
Sep,16.8,2009,United Kingdom,GBR,autumn
Oct,13.6,2009,United Kingdom,GBR,autumn
Nov,9.7,2009,United Kingdom,GBR,autumn
Dec,5.2,2009,United Kingdom,GBR,winter
Jan,3.4,2010,United Kingdom,GBR,winter
Feb,4.5,2010,United Kingdom,GBR,winter
Mar,8.5,2010,United Kingdom,GBR,spring
Apr,12.3,2010,United Kingdom,GBR,spring
May,14.3,2010,United Kingdom,GBR,spring
Jun,19.0,2010,United Kingdom,GBR,summer
Jul,19.7,2010,United Kingdom,GBR,summer
Aug,18.4,2010,United Kingdom,GBR,summer
Sep,16.6,2010,United Kingdom,GBR,autumn
Oct,12.9,2010,United Kingdom,GBR,autumn
Nov,7.0,2010,United Kingdom,GBR,autumn
Dec,2.8,2010,United Kingdom,GBR,winter
Jan,5.3,2011,United Kingdom,GBR,winter
Feb,7.7,2011,United Kingdom,GBR,winter
Mar,9.4,2011,United Kingdom,GBR,spring
Apr,14.5,2011,United Kingdom,GBR,spring
May,15.3,2011,United Kingdom,GBR,spring
Jun,17.0,2011,United Kingdom,GBR,summer
Jul,18.4,2011,United Kingdom,GBR,summer
Aug,18.0,2011,United Kingdom,GBR,summer
Sep,17.1,2011,United Kingdom,GBR,autumn
Oct,14.0,2011,United Kingdom,GBR,autumn
Nov,11.0,2011,United Kingdom,GBR,autumn
Dec,7.2,2011,United Kingdom,GBR,winter
Jan,7.0,2012,United Kingdom,GBR,winter
Feb,6.7,2012,United Kingdom,GBR,winter
Mar,11.5,2012,United Kingdom,GBR,spring
Apr,10.3,2012,United Kingdom,GBR,spring
May,14.9,2012,United Kingdom,GBR,spring
Jun,16.0,2012,United Kingdom,GBR,summer
Jul,17.9,2012,United Kingdom,GBR,summer
Aug,19.4,2012,United Kingdom,GBR,summer
Sep,15.9,2012,United Kingdom,GBR,autumn
Oct,11.6,2012,United Kingdom,GBR,autumn
Nov,8.3,2012,United Kingdom,GBR,autumn
Dec,6.5,2012,United Kingdom,GBR,winter
Jan,5.5,2013,United Kingdom,GBR,winter
Feb,5.3,2013,United Kingdom,GBR,winter
Mar,5.2,2013,United Kingdom,GBR,spring
Apr,10.3,2013,United Kingdom,GBR,spring
May,13.6,2013,United Kingdom,GBR,spring
Jun,17.3,2013,United Kingdom,GBR,summer
Jul,21.7,2013,United Kingdom,GBR,summer
Aug,19.7,2013,United Kingdom,GBR,summer
Sep,16.6,2013,United Kingdom,GBR,autumn
Oct,13.9,2013,United Kingdom,GBR,autumn
Nov,8.3,2013,United Kingdom,GBR,autumn
Dec,8.1,2013,United Kingdom,GBR,winter
Jan,7.0,2014,United Kingdom,GBR,winter
Feb,7.4,2014,United Kingdom,GBR,winter
Mar,10.1,2014,United Kingdom,GBR,spring
Apr,12.9,2014,United Kingdom,GBR,spring
May,15.0,2014,United Kingdom,GBR,spring
Jun,18.5,2014,United Kingdom,GBR,summer
Jul,21.0,2014,United Kingdom,GBR,summer
Aug,18.1,2014,United Kingdom,GBR,summer
Sep,18.0,2014,United Kingdom,GBR,autumn
Oct,14.1,2014,United Kingdom,GBR,autumn
Nov,10.1,2014,United Kingdom,GBR,autumn
Dec,6.7,2014,United Kingdom,GBR,winter
Jan,6.2,2015,United Kingdom,GBR,winter
Feb,6.2,2015,United Kingdom,GBR,winter
Mar,8.8,2015,United Kingdom,GBR,spring
Apr,12.3,2015,United Kingdom,GBR,spring
May,13.6,2015,United Kingdom,GBR,spring
Jun,17.4,2015,United Kingdom,GBR,summer
Jul,18.6,2015,United Kingdom,GBR,summer
Aug,18.8,2015,United Kingdom,GBR,summer
Sep,15.9,2015,United Kingdom,GBR,autumn
Oct,13.2,2015,United Kingdom,GBR,autumn
Nov,10.5,2015,United Kingdom,GBR,autumn
Dec,9.4,2015,United Kingdom,GBR,winter
Jan,7.0,2016,United Kingdom,GBR,winter
Feb,6.5,2016,United Kingdom,GBR,winter
Mar,8.7,2016,United Kingdom,GBR,spring
Apr,10.5,2016,United Kingdom,GBR,spring
May,15.7,2016,United Kingdom,GBR,spring
Jun,17.9,2016,United Kingdom,GBR,summer
Jul,19.3,2016,United Kingdom,GBR,summer
Aug,19.7,2016,United Kingdom,GBR,summer
Sep,17.9,2016,United Kingdom,GBR,autumn
Oct,13.1,2016,United Kingdom,GBR,autumn
Nov,7.9,2016,United Kingdom,GBR,autumn
Dec,8.3,2016,United Kingdom,GBR,winter
Jan,6.4,2017,United Kingdom,GBR,winter
Feb,7.5,2017,United Kingdom,GBR,winter
Mar,10.5,2017,United Kingdom,GBR,spring
Apr,11.9,2017,United Kingdom,GBR,spring
May,16.7,2017,United Kingdom,GBR,spring
Jun,18.6,2017,United Kingdom,GBR,summer
Jul,19.4,2017,United Kingdom,GBR,summer
Aug,18.7,2017,United Kingdom,GBR,summer
Sep,16.0,2017,United Kingdom,GBR,autumn
Oct,14.0,2017,United Kingdom,GBR,autumn
Nov,8.5,2017,United Kingdom,GBR,autumn
Dec,6.7,2017,United Kingdom,GBR,winter
Jan,6.4,2018,United Kingdom,GBR,winter
Feb,5.0,2018,United Kingdom,GBR,winter
Mar,6.7,2018,United Kingdom,GBR,spring
Apr,11.9,2018,United Kingdom,GBR,spring
May,16.9,2018,United Kingdom,GBR,spring
Jun,19.7,2018,United Kingdom,GBR,summer
Jul,21.8,2018,United Kingdom,GBR,summer
Aug,19.4,2018,United Kingdom,GBR,summer
Sep,16.4,2018,United Kingdom,GBR,autumn
Oct,13.1,2018,United Kingdom,GBR,autumn
Nov,9.5,2018,United Kingdom,GBR,autumn
Dec,8.0,2018,United Kingdom,GBR,winter
Jan,6.2,2019,United Kingdom,GBR,winter
Feb,9.1,2019,United Kingdom,GBR,winter
Mar,9.9,2019,United Kingdom,GBR,spring
Apr,12.8,2019,United Kingdom,GBR,spring
May,14.6,2019,United Kingdom,GBR,spring
Jun,17.8,2019,United Kingdom,GBR,summer
Jul,20.6,2019,United Kingdom,GBR,summer
Aug,19.9,2019,United Kingdom,GBR,summer
Sep,17.0,2019,United Kingdom,GBR,autumn
Oct,12.3,2019,United Kingdom,GBR,autumn
Nov,8.0,2019,United Kingdom,GBR,autumn
Dec,7.5,2019,United Kingdom,GBR,winter
Jan,7.7,2020,United Kingdom,GBR,winter
Feb,7.6,2020,United Kingdom,GBR,winter
Mar,9.0,2020,United Kingdom,GBR,spring
Apr,13.6,2020,United Kingdom,GBR,spring
May,16.4,2020,United Kingdom,GBR,spring
Jun,18.2,2020,United Kingdom,GBR,summer
Jul,18.4,2020,United Kingdom,GBR,summer
Aug,19.8,2020,United Kingdom,GBR,summer
Sep,17.1,2020,United Kingdom,GBR,autumn
Oct,12.3,2020,United Kingdom,GBR,autumn
Nov,10.1,2020,United Kingdom,GBR,autumn
Dec,6.6,2020,United Kingdom,GBR,winter
