Rainfall - (MM), Year, Statistics, Country, ISO3
35.0, 1901, Jan Average, Germany, DEU
26.4, 1901, Feb Average, Germany, DEU
52.7, 1901, Mar Average, Germany, DEU
68.3, 1901, Apr Average, Germany, DEU
37.2, 1901, May Average, Germany, DEU
74.3, 1901, Jun Average, Germany, DEU
72.3, 1901, Jul Average, Germany, DEU
71.5, 1901, Aug Average, Germany, DEU
60.4, 1901, Sep Average, Germany, DEU
54.4, 1901, Oct Average, Germany, DEU
50.4, 1901, Nov Average, Germany, DEU
58.5, 1901, Dec Average, Germany, DEU
47.3, 1902, Jan Average, Germany, DEU
26.2, 1902, Feb Average, Germany, DEU
56.2, 1902, Mar Average, Germany, DEU
34.7, 1902, Apr Average, Germany, DEU
77.7, 1902, May Average, Germany, DEU
62.4, 1902, Jun Average, Germany, DEU
74.7, 1902, Jul Average, Germany, DEU
93.1, 1902, Aug Average, Germany, DEU
49.2, 1902, Sep Average, Germany, DEU
51.1, 1902, Oct Average, Germany, DEU
11.8, 1902, Nov Average, Germany, DEU
64.9, 1902, Dec Average, Germany, DEU
42.7, 1903, Jan Average, Germany, DEU
31.8, 1903, Feb Average, Germany, DEU
32.9, 1903, Mar Average, Germany, DEU
70.2, 1903, Apr Average, Germany, DEU
43.8, 1903, May Average, Germany, DEU
55.4, 1903, Jun Average, Germany, DEU
96.7, 1903, Jul Average, Germany, DEU
98.7, 1903, Aug Average, Germany, DEU
56.3, 1903, Sep Average, Germany, DEU
78.8, 1903, Oct Average, Germany, DEU
64.5, 1903, Nov Average, Germany, DEU
21.7, 1903, Dec Average, Germany, DEU
35.3, 1904, Jan Average, Germany, DEU
64.7, 1904, Feb Average, Germany, DEU
35.0, 1904, Mar Average, Germany, DEU
49.9, 1904, Apr Average, Germany, DEU
70.0, 1904, May Average, Germany, DEU
56.4, 1904, Jun Average, Germany, DEU
33.2, 1904, Jul Average, Germany, DEU
53.7, 1904, Aug Average, Germany, DEU
61.3, 1904, Sep Average, Germany, DEU
49.8, 1904, Oct Average, Germany, DEU
56.7, 1904, Nov Average, Germany, DEU
45.2, 1904, Dec Average, Germany, DEU
42.5, 1905, Jan Average, Germany, DEU
31.3, 1905, Feb Average, Germany, DEU
64.0, 1905, Mar Average, Germany, DEU
51.4, 1905, Apr Average, Germany, DEU
38.5, 1905, May Average, Germany, DEU
71.1, 1905, Jun Average, Germany, DEU
72.1, 1905, Jul Average, Germany, DEU
97.1, 1905, Aug Average, Germany, DEU
69.3, 1905, Sep Average, Germany, DEU
82.5, 1905, Oct Average, Germany, DEU
54.2, 1905, Nov Average, Germany, DEU
31.2, 1905, Dec Average, Germany, DEU
65.4, 1906, Jan Average, Germany, DEU
42.1, 1906, Feb Average, Germany, DEU
61.9, 1906, Mar Average, Germany, DEU
35.0, 1906, Apr Average, Germany, DEU
79.9, 1906, May Average, Germany, DEU
65.7, 1906, Jun Average, Germany, DEU
76.9, 1906, Jul Average, Germany, DEU
73.2, 1906, Aug Average, Germany, DEU
54.9, 1906, Sep Average, Germany, DEU
31.3, 1906, Oct Average, Germany, DEU
51.7, 1906, Nov Average, Germany, DEU
56.8, 1906, Dec Average, Germany, DEU
50.7, 1907, Jan Average, Germany, DEU
34.8, 1907, Feb Average, Germany, DEU
46.9, 1907, Mar Average, Germany, DEU
40.0, 1907, Apr Average, Germany, DEU
46.8, 1907, May Average, Germany, DEU
77.6, 1907, Jun Average, Germany, DEU
91.8, 1907, Jul Average, Germany, DEU
68.6, 1907, Aug Average, Germany, DEU
35.2, 1907, Sep Average, Germany, DEU
37.7, 1907, Oct Average, Germany, DEU
27.8, 1907, Nov Average, Germany, DEU
67.1, 1907, Dec Average, Germany, DEU
31.6, 1908, Jan Average, Germany, DEU
52.3, 1908, Feb Average, Germany, DEU
37.1, 1908, Mar Average, Germany, DEU
59.5, 1908, Apr Average, Germany, DEU
88.2, 1908, May Average, Germany, DEU
58.3, 1908, Jun Average, Germany, DEU
80.0, 1908, Jul Average, Germany, DEU
85.8, 1908, Aug Average, Germany, DEU
53.5, 1908, Sep Average, Germany, DEU
5.2, 1908, Oct Average, Germany, DEU
35.9, 1908, Nov Average, Germany, DEU
23.5, 1908, Dec Average, Germany, DEU
33.3, 1909, Jan Average, Germany, DEU
41.6, 1909, Feb Average, Germany, DEU
36.7, 1909, Mar Average, Germany, DEU
50.0, 1909, Apr Average, Germany, DEU
39.7, 1909, May Average, Germany, DEU
83.2, 1909, Jun Average, Germany, DEU
108.3, 1909, Jul Average, Germany, DEU
63.2, 1909, Aug Average, Germany, DEU
70.8, 1909, Sep Average, Germany, DEU
52.5, 1909, Oct Average, Germany, DEU
56.3, 1909, Nov Average, Germany, DEU
76.1, 1909, Dec Average, Germany, DEU
65.1, 1910, Jan Average, Germany, DEU
59.6, 1910, Feb Average, Germany, DEU
23.6, 1910, Mar Average, Germany, DEU
46.7, 1910, Apr Average, Germany, DEU
62.4, 1910, May Average, Germany, DEU
102.1, 1910, Jun Average, Germany, DEU
103.1, 1910, Jul Average, Germany, DEU
97.4, 1910, Aug Average, Germany, DEU
57.9, 1910, Sep Average, Germany, DEU
19.5, 1910, Oct Average, Germany, DEU
89.7, 1910, Nov Average, Germany, DEU
49.3, 1910, Dec Average, Germany, DEU
27.9, 1911, Jan Average, Germany, DEU
50.4, 1911, Feb Average, Germany, DEU
40.6, 1911, Mar Average, Germany, DEU
31.7, 1911, Apr Average, Germany, DEU
46.7, 1911, May Average, Germany, DEU
65.2, 1911, Jun Average, Germany, DEU
30.1, 1911, Jul Average, Germany, DEU
31.8, 1911, Aug Average, Germany, DEU
45.6, 1911, Sep Average, Germany, DEU
52.1, 1911, Oct Average, Germany, DEU
53.6, 1911, Nov Average, Germany, DEU
68.9, 1911, Dec Average, Germany, DEU
54.6, 1912, Jan Average, Germany, DEU
40.4, 1912, Feb Average, Germany, DEU
57.0, 1912, Mar Average, Germany, DEU
33.6, 1912, Apr Average, Germany, DEU
65.8, 1912, May Average, Germany, DEU
93.5, 1912, Jun Average, Germany, DEU
67.8, 1912, Jul Average, Germany, DEU
117.3, 1912, Aug Average, Germany, DEU
60.6, 1912, Sep Average, Germany, DEU
57.2, 1912, Oct Average, Germany, DEU
60.8, 1912, Nov Average, Germany, DEU
56.6, 1912, Dec Average, Germany, DEU
49.0, 1913, Jan Average, Germany, DEU
22.7, 1913, Feb Average, Germany, DEU
47.4, 1913, Mar Average, Germany, DEU
37.0, 1913, Apr Average, Germany, DEU
58.0, 1913, May Average, Germany, DEU
80.1, 1913, Jun Average, Germany, DEU
79.0, 1913, Jul Average, Germany, DEU
57.1, 1913, Aug Average, Germany, DEU
57.4, 1913, Sep Average, Germany, DEU
36.9, 1913, Oct Average, Germany, DEU
71.1, 1913, Nov Average, Germany, DEU
75.3, 1913, Dec Average, Germany, DEU
44.8, 1914, Jan Average, Germany, DEU
31.1, 1914, Feb Average, Germany, DEU
95.6, 1914, Mar Average, Germany, DEU
36.7, 1914, Apr Average, Germany, DEU
78.5, 1914, May Average, Germany, DEU
76.4, 1914, Jun Average, Germany, DEU
109.3, 1914, Jul Average, Germany, DEU
54.8, 1914, Aug Average, Germany, DEU
70.3, 1914, Sep Average, Germany, DEU
43.1, 1914, Oct Average, Germany, DEU
42.8, 1914, Nov Average, Germany, DEU
58.3, 1914, Dec Average, Germany, DEU
79.9, 1915, Jan Average, Germany, DEU
31.5, 1915, Feb Average, Germany, DEU
68.8, 1915, Mar Average, Germany, DEU
45.3, 1915, Apr Average, Germany, DEU
39.8, 1915, May Average, Germany, DEU
42.0, 1915, Jun Average, Germany, DEU
87.5, 1915, Jul Average, Germany, DEU
82.1, 1915, Aug Average, Germany, DEU
48.7, 1915, Sep Average, Germany, DEU
40.4, 1915, Oct Average, Germany, DEU
48.7, 1915, Nov Average, Germany, DEU
102.4, 1915, Dec Average, Germany, DEU
67.6, 1916, Jan Average, Germany, DEU
56.2, 1916, Feb Average, Germany, DEU
43.1, 1916, Mar Average, Germany, DEU
51.1, 1916, Apr Average, Germany, DEU
59.3, 1916, May Average, Germany, DEU
99.2, 1916, Jun Average, Germany, DEU
81.1, 1916, Jul Average, Germany, DEU
81.9, 1916, Aug Average, Germany, DEU
56.3, 1916, Sep Average, Germany, DEU
60.6, 1916, Oct Average, Germany, DEU
48.3, 1916, Nov Average, Germany, DEU
76.4, 1916, Dec Average, Germany, DEU
55.0, 1917, Jan Average, Germany, DEU
11.5, 1917, Feb Average, Germany, DEU
47.6, 1917, Mar Average, Germany, DEU
52.8, 1917, Apr Average, Germany, DEU
34.1, 1917, May Average, Germany, DEU
60.6, 1917, Jun Average, Germany, DEU
72.2, 1917, Jul Average, Germany, DEU
103.1, 1917, Aug Average, Germany, DEU
38.7, 1917, Sep Average, Germany, DEU
95.2, 1917, Oct Average, Germany, DEU
47.1, 1917, Nov Average, Germany, DEU
37.3, 1917, Dec Average, Germany, DEU
62.7, 1918, Jan Average, Germany, DEU
33.2, 1918, Feb Average, Germany, DEU
21.0, 1918, Mar Average, Germany, DEU
58.1, 1918, Apr Average, Germany, DEU
28.7, 1918, May Average, Germany, DEU
65.7, 1918, Jun Average, Germany, DEU
81.6, 1918, Jul Average, Germany, DEU
78.2, 1918, Aug Average, Germany, DEU
90.2, 1918, Sep Average, Germany, DEU
45.1, 1918, Oct Average, Germany, DEU
26.0, 1918, Nov Average, Germany, DEU
94.4, 1918, Dec Average, Germany, DEU
36.1, 1919, Jan Average, Germany, DEU
34.5, 1919, Feb Average, Germany, DEU
64.5, 1919, Mar Average, Germany, DEU
61.7, 1919, Apr Average, Germany, DEU
24.0, 1919, May Average, Germany, DEU
63.1, 1919, Jun Average, Germany, DEU
85.5, 1919, Jul Average, Germany, DEU
49.4, 1919, Aug Average, Germany, DEU
41.1, 1919, Sep Average, Germany, DEU
49.2, 1919, Oct Average, Germany, DEU
80.8, 1919, Nov Average, Germany, DEU
103.9, 1919, Dec Average, Germany, DEU
79.7, 1920, Jan Average, Germany, DEU
30.7, 1920, Feb Average, Germany, DEU
27.6, 1920, Mar Average, Germany, DEU
74.5, 1920, Apr Average, Germany, DEU
75.9, 1920, May Average, Germany, DEU
47.1, 1920, Jun Average, Germany, DEU
103.1, 1920, Jul Average, Germany, DEU
75.6, 1920, Aug Average, Germany, DEU
68.3, 1920, Sep Average, Germany, DEU
12.3, 1920, Oct Average, Germany, DEU
9.3, 1920, Nov Average, Germany, DEU
46.2, 1920, Dec Average, Germany, DEU
79.2, 1921, Jan Average, Germany, DEU
17.3, 1921, Feb Average, Germany, DEU
17.7, 1921, Mar Average, Germany, DEU
32.7, 1921, Apr Average, Germany, DEU
54.0, 1921, May Average, Germany, DEU
62.1, 1921, Jun Average, Germany, DEU
29.9, 1921, Jul Average, Germany, DEU
70.9, 1921, Aug Average, Germany, DEU
32.8, 1921, Sep Average, Germany, DEU
36.6, 1921, Oct Average, Germany, DEU
39.5, 1921, Nov Average, Germany, DEU
50.4, 1921, Dec Average, Germany, DEU
61.0, 1922, Jan Average, Germany, DEU
41.3, 1922, Feb Average, Germany, DEU
52.0, 1922, Mar Average, Germany, DEU
74.2, 1922, Apr Average, Germany, DEU
40.7, 1922, May Average, Germany, DEU
67.9, 1922, Jun Average, Germany, DEU
100.9, 1922, Jul Average, Germany, DEU
94.6, 1922, Aug Average, Germany, DEU
89.6, 1922, Sep Average, Germany, DEU
53.8, 1922, Oct Average, Germany, DEU
62.6, 1922, Nov Average, Germany, DEU
65.3, 1922, Dec Average, Germany, DEU
53.7, 1923, Jan Average, Germany, DEU
46.9, 1923, Feb Average, Germany, DEU
27.4, 1923, Mar Average, Germany, DEU
46.5, 1923, Apr Average, Germany, DEU
76.6, 1923, May Average, Germany, DEU
66.0, 1923, Jun Average, Germany, DEU
55.4, 1923, Jul Average, Germany, DEU
62.3, 1923, Aug Average, Germany, DEU
51.3, 1923, Sep Average, Germany, DEU
107.8, 1923, Oct Average, Germany, DEU
59.2, 1923, Nov Average, Germany, DEU
61.2, 1923, Dec Average, Germany, DEU
26.3, 1924, Jan Average, Germany, DEU
29.3, 1924, Feb Average, Germany, DEU
30.6, 1924, Mar Average, Germany, DEU
72.7, 1924, Apr Average, Germany, DEU
77.0, 1924, May Average, Germany, DEU
72.7, 1924, Jun Average, Germany, DEU
93.8, 1924, Jul Average, Germany, DEU
103.9, 1924, Aug Average, Germany, DEU
76.1, 1924, Sep Average, Germany, DEU
43.5, 1924, Oct Average, Germany, DEU
37.6, 1924, Nov Average, Germany, DEU
25.9, 1924, Dec Average, Germany, DEU
47.2, 1925, Jan Average, Germany, DEU
40.8, 1925, Feb Average, Germany, DEU
45.8, 1925, Mar Average, Germany, DEU
52.0, 1925, Apr Average, Germany, DEU
45.9, 1925, May Average, Germany, DEU
44.9, 1925, Jun Average, Germany, DEU
69.5, 1925, Jul Average, Germany, DEU
94.2, 1925, Aug Average, Germany, DEU
83.4, 1925, Sep Average, Germany, DEU
46.8, 1925, Oct Average, Germany, DEU
51.7, 1925, Nov Average, Germany, DEU
87.2, 1925, Dec Average, Germany, DEU
51.5, 1926, Jan Average, Germany, DEU
51.9, 1926, Feb Average, Germany, DEU
46.7, 1926, Mar Average, Germany, DEU
28.8, 1926, Apr Average, Germany, DEU
81.9, 1926, May Average, Germany, DEU
108.6, 1926, Jun Average, Germany, DEU
107.8, 1926, Jul Average, Germany, DEU
56.4, 1926, Aug Average, Germany, DEU
41.4, 1926, Sep Average, Germany, DEU
90.8, 1926, Oct Average, Germany, DEU
53.6, 1926, Nov Average, Germany, DEU
43.7, 1926, Dec Average, Germany, DEU
55.8, 1927, Jan Average, Germany, DEU
32.2, 1927, Feb Average, Germany, DEU
50.0, 1927, Mar Average, Germany, DEU
80.5, 1927, Apr Average, Germany, DEU
44.9, 1927, May Average, Germany, DEU
104.7, 1927, Jun Average, Germany, DEU
101.8, 1927, Jul Average, Germany, DEU
113.9, 1927, Aug Average, Germany, DEU
77.1, 1927, Sep Average, Germany, DEU
33.5, 1927, Oct Average, Germany, DEU
55.6, 1927, Nov Average, Germany, DEU
31.3, 1927, Dec Average, Germany, DEU
50.6, 1928, Jan Average, Germany, DEU
52.4, 1928, Feb Average, Germany, DEU
24.1, 1928, Mar Average, Germany, DEU
58.3, 1928, Apr Average, Germany, DEU
53.3, 1928, May Average, Germany, DEU
65.0, 1928, Jun Average, Germany, DEU
42.2, 1928, Jul Average, Germany, DEU
90.0, 1928, Aug Average, Germany, DEU
27.8, 1928, Sep Average, Germany, DEU
66.7, 1928, Oct Average, Germany, DEU
86.8, 1928, Nov Average, Germany, DEU
52.4, 1928, Dec Average, Germany, DEU
34.5, 1929, Jan Average, Germany, DEU
20.5, 1929, Feb Average, Germany, DEU
10.6, 1929, Mar Average, Germany, DEU
45.6, 1929, Apr Average, Germany, DEU
43.6, 1929, May Average, Germany, DEU
69.5, 1929, Jun Average, Germany, DEU
71.1, 1929, Jul Average, Germany, DEU
51.2, 1929, Aug Average, Germany, DEU
31.4, 1929, Sep Average, Germany, DEU
82.9, 1929, Oct Average, Germany, DEU
41.6, 1929, Nov Average, Germany, DEU
79.7, 1929, Dec Average, Germany, DEU
33.4, 1930, Jan Average, Germany, DEU
15.6, 1930, Feb Average, Germany, DEU
35.3, 1930, Mar Average, Germany, DEU
66.7, 1930, Apr Average, Germany, DEU
84.8, 1930, May Average, Germany, DEU
52.6, 1930, Jun Average, Germany, DEU
125.0, 1930, Jul Average, Germany, DEU
87.8, 1930, Aug Average, Germany, DEU
79.7, 1930, Sep Average, Germany, DEU
86.8, 1930, Oct Average, Germany, DEU
90.1, 1930, Nov Average, Germany, DEU
31.4, 1930, Dec Average, Germany, DEU
79.5, 1931, Jan Average, Germany, DEU
41.7, 1931, Feb Average, Germany, DEU
31.1, 1931, Mar Average, Germany, DEU
62.0, 1931, Apr Average, Germany, DEU
66.7, 1931, May Average, Germany, DEU
76.7, 1931, Jun Average, Germany, DEU
127.1, 1931, Jul Average, Germany, DEU
112.1, 1931, Aug Average, Germany, DEU
76.3, 1931, Sep Average, Germany, DEU
43.3, 1931, Oct Average, Germany, DEU
21.5, 1931, Nov Average, Germany, DEU
44.0, 1931, Dec Average, Germany, DEU
46.2, 1932, Jan Average, Germany, DEU
10.8, 1932, Feb Average, Germany, DEU
28.1, 1932, Mar Average, Germany, DEU
54.1, 1932, Apr Average, Germany, DEU
82.0, 1932, May Average, Germany, DEU
51.0, 1932, Jun Average, Germany, DEU
92.3, 1932, Jul Average, Germany, DEU
56.3, 1932, Aug Average, Germany, DEU
77.7, 1932, Sep Average, Germany, DEU
92.2, 1932, Oct Average, Germany, DEU
41.6, 1932, Nov Average, Germany, DEU
12.4, 1932, Dec Average, Germany, DEU
29.6, 1933, Jan Average, Germany, DEU
39.9, 1933, Feb Average, Germany, DEU
30.1, 1933, Mar Average, Germany, DEU
29.5, 1933, Apr Average, Germany, DEU
79.1, 1933, May Average, Germany, DEU
100.9, 1933, Jun Average, Germany, DEU
69.9, 1933, Jul Average, Germany, DEU
51.4, 1933, Aug Average, Germany, DEU
45.0, 1933, Sep Average, Germany, DEU
62.1, 1933, Oct Average, Germany, DEU
38.4, 1933, Nov Average, Germany, DEU
18.3, 1933, Dec Average, Germany, DEU
45.6, 1934, Jan Average, Germany, DEU
20.7, 1934, Feb Average, Germany, DEU
38.0, 1934, Mar Average, Germany, DEU
35.2, 1934, Apr Average, Germany, DEU
30.3, 1934, May Average, Germany, DEU
70.7, 1934, Jun Average, Germany, DEU
53.4, 1934, Jul Average, Germany, DEU
94.8, 1934, Aug Average, Germany, DEU
53.6, 1934, Sep Average, Germany, DEU
66.2, 1934, Oct Average, Germany, DEU
41.9, 1934, Nov Average, Germany, DEU
51.1, 1934, Dec Average, Germany, DEU
47.9, 1935, Jan Average, Germany, DEU
73.5, 1935, Feb Average, Germany, DEU
28.0, 1935, Mar Average, Germany, DEU
85.6, 1935, Apr Average, Germany, DEU
53.2, 1935, May Average, Germany, DEU
87.8, 1935, Jun Average, Germany, DEU
42.1, 1935, Jul Average, Germany, DEU
58.7, 1935, Aug Average, Germany, DEU
73.4, 1935, Sep Average, Germany, DEU
88.0, 1935, Oct Average, Germany, DEU
34.4, 1935, Nov Average, Germany, DEU
52.3, 1935, Dec Average, Germany, DEU
68.4, 1936, Jan Average, Germany, DEU
51.2, 1936, Feb Average, Germany, DEU
25.3, 1936, Mar Average, Germany, DEU
71.8, 1936, Apr Average, Germany, DEU
46.5, 1936, May Average, Germany, DEU
66.3, 1936, Jun Average, Germany, DEU
115.1, 1936, Jul Average, Germany, DEU
62.2, 1936, Aug Average, Germany, DEU
73.9, 1936, Sep Average, Germany, DEU
59.3, 1936, Oct Average, Germany, DEU
46.6, 1936, Nov Average, Germany, DEU
38.8, 1936, Dec Average, Germany, DEU
56.3, 1937, Jan Average, Germany, DEU
80.9, 1937, Feb Average, Germany, DEU
63.1, 1937, Mar Average, Germany, DEU
69.9, 1937, Apr Average, Germany, DEU
58.8, 1937, May Average, Germany, DEU
73.5, 1937, Jun Average, Germany, DEU
58.9, 1937, Jul Average, Germany, DEU
67.6, 1937, Aug Average, Germany, DEU
67.2, 1937, Sep Average, Germany, DEU
30.7, 1937, Oct Average, Germany, DEU
35.2, 1937, Nov Average, Germany, DEU
48.3, 1937, Dec Average, Germany, DEU
82.1, 1938, Jan Average, Germany, DEU
27.7, 1938, Feb Average, Germany, DEU
24.0, 1938, Mar Average, Germany, DEU
29.8, 1938, Apr Average, Germany, DEU
63.6, 1938, May Average, Germany, DEU
53.8, 1938, Jun Average, Germany, DEU
81.1, 1938, Jul Average, Germany, DEU
94.1, 1938, Aug Average, Germany, DEU
46.4, 1938, Sep Average, Germany, DEU
63.8, 1938, Oct Average, Germany, DEU
45.7, 1938, Nov Average, Germany, DEU
44.7, 1938, Dec Average, Germany, DEU
62.9, 1939, Jan Average, Germany, DEU
23.9, 1939, Feb Average, Germany, DEU
66.2, 1939, Mar Average, Germany, DEU
51.3, 1939, Apr Average, Germany, DEU
74.7, 1939, May Average, Germany, DEU
62.5, 1939, Jun Average, Germany, DEU
93.0, 1939, Jul Average, Germany, DEU
78.8, 1939, Aug Average, Germany, DEU
75.6, 1939, Sep Average, Germany, DEU
110.3, 1939, Oct Average, Germany, DEU
85.0, 1939, Nov Average, Germany, DEU
46.2, 1939, Dec Average, Germany, DEU
29.2, 1940, Jan Average, Germany, DEU
33.8, 1940, Feb Average, Germany, DEU
71.3, 1940, Mar Average, Germany, DEU
49.7, 1940, Apr Average, Germany, DEU
55.1, 1940, May Average, Germany, DEU
64.7, 1940, Jun Average, Germany, DEU
114.9, 1940, Jul Average, Germany, DEU
75.0, 1940, Aug Average, Germany, DEU
94.1, 1940, Sep Average, Germany, DEU
33.0, 1940, Oct Average, Germany, DEU
78.9, 1940, Nov Average, Germany, DEU
58.1, 1940, Dec Average, Germany, DEU
56.3, 1941, Jan Average, Germany, DEU
43.4, 1941, Feb Average, Germany, DEU
52.3, 1941, Mar Average, Germany, DEU
45.7, 1941, Apr Average, Germany, DEU
59.5, 1941, May Average, Germany, DEU
66.5, 1941, Jun Average, Germany, DEU
90.9, 1941, Jul Average, Germany, DEU
115.1, 1941, Aug Average, Germany, DEU
34.8, 1941, Sep Average, Germany, DEU
96.2, 1941, Oct Average, Germany, DEU
29.8, 1941, Nov Average, Germany, DEU
54.7, 1941, Dec Average, Germany, DEU
39.9, 1942, Jan Average, Germany, DEU
26.0, 1942, Feb Average, Germany, DEU
35.2, 1942, Mar Average, Germany, DEU
31.1, 1942, Apr Average, Germany, DEU
65.0, 1942, May Average, Germany, DEU
55.3, 1942, Jun Average, Germany, DEU
112.1, 1942, Jul Average, Germany, DEU
50.2, 1942, Aug Average, Germany, DEU
55.1, 1942, Sep Average, Germany, DEU
65.6, 1942, Oct Average, Germany, DEU
47.4, 1942, Nov Average, Germany, DEU
32.9, 1942, Dec Average, Germany, DEU
47.4, 1943, Jan Average, Germany, DEU
31.1, 1943, Feb Average, Germany, DEU
21.0, 1943, Mar Average, Germany, DEU
51.9, 1943, Apr Average, Germany, DEU
39.4, 1943, May Average, Germany, DEU
87.9, 1943, Jun Average, Germany, DEU
56.7, 1943, Jul Average, Germany, DEU
73.5, 1943, Aug Average, Germany, DEU
64.9, 1943, Sep Average, Germany, DEU
10.8, 1943, Oct Average, Germany, DEU
57.4, 1943, Nov Average, Germany, DEU
27.5, 1943, Dec Average, Germany, DEU
62.7, 1944, Jan Average, Germany, DEU
45.6, 1944, Feb Average, Germany, DEU
46.3, 1944, Mar Average, Germany, DEU
36.7, 1944, Apr Average, Germany, DEU
46.7, 1944, May Average, Germany, DEU
90.8, 1944, Jun Average, Germany, DEU
89.1, 1944, Jul Average, Germany, DEU
46.7, 1944, Aug Average, Germany, DEU
71.8, 1944, Sep Average, Germany, DEU
60.7, 1944, Oct Average, Germany, DEU
115.5, 1944, Nov Average, Germany, DEU
53.4, 1944, Dec Average, Germany, DEU
46.9, 1945, Jan Average, Germany, DEU
64.4, 1945, Feb Average, Germany, DEU
33.1, 1945, Mar Average, Germany, DEU
50.9, 1945, Apr Average, Germany, DEU
64.0, 1945, May Average, Germany, DEU
71.6, 1945, Jun Average, Germany, DEU
68.2, 1945, Jul Average, Germany, DEU
119.4, 1945, Aug Average, Germany, DEU
52.9, 1945, Sep Average, Germany, DEU
35.1, 1945, Oct Average, Germany, DEU
41.9, 1945, Nov Average, Germany, DEU
60.9, 1945, Dec Average, Germany, DEU
37.9, 1946, Jan Average, Germany, DEU
84.8, 1946, Feb Average, Germany, DEU
28.4, 1946, Mar Average, Germany, DEU
22.8, 1946, Apr Average, Germany, DEU
62.3, 1946, May Average, Germany, DEU
117.7, 1946, Jun Average, Germany, DEU
79.6, 1946, Jul Average, Germany, DEU
69.8, 1946, Aug Average, Germany, DEU
68.2, 1946, Sep Average, Germany, DEU
47.3, 1946, Oct Average, Germany, DEU
34.3, 1946, Nov Average, Germany, DEU
35.5, 1946, Dec Average, Germany, DEU
31.3, 1947, Jan Average, Germany, DEU
27.7, 1947, Feb Average, Germany, DEU
72.8, 1947, Mar Average, Germany, DEU
43.6, 1947, Apr Average, Germany, DEU
39.6, 1947, May Average, Germany, DEU
62.7, 1947, Jun Average, Germany, DEU
72.4, 1947, Jul Average, Germany, DEU
28.0, 1947, Aug Average, Germany, DEU
29.0, 1947, Sep Average, Germany, DEU
18.5, 1947, Oct Average, Germany, DEU
98.3, 1947, Nov Average, Germany, DEU
90.9, 1947, Dec Average, Germany, DEU
92.4, 1948, Jan Average, Germany, DEU
54.8, 1948, Feb Average, Germany, DEU
25.4, 1948, Mar Average, Germany, DEU
37.5, 1948, Apr Average, Germany, DEU
52.0, 1948, May Average, Germany, DEU
82.9, 1948, Jun Average, Germany, DEU
101.0, 1948, Jul Average, Germany, DEU
105.5, 1948, Aug Average, Germany, DEU
34.0, 1948, Sep Average, Germany, DEU
33.5, 1948, Oct Average, Germany, DEU
26.8, 1948, Nov Average, Germany, DEU
23.8, 1948, Dec Average, Germany, DEU
38.2, 1949, Jan Average, Germany, DEU
25.6, 1949, Feb Average, Germany, DEU
37.3, 1949, Mar Average, Germany, DEU
53.7, 1949, Apr Average, Germany, DEU
83.3, 1949, May Average, Germany, DEU
53.0, 1949, Jun Average, Germany, DEU
43.9, 1949, Jul Average, Germany, DEU
64.8, 1949, Aug Average, Germany, DEU
43.6, 1949, Sep Average, Germany, DEU
27.9, 1949, Oct Average, Germany, DEU
54.5, 1949, Nov Average, Germany, DEU
78.0, 1949, Dec Average, Germany, DEU
44.1, 1950, Jan Average, Germany, DEU
65.9, 1950, Feb Average, Germany, DEU
22.7, 1950, Mar Average, Germany, DEU
74.9, 1950, Apr Average, Germany, DEU
59.4, 1950, May Average, Germany, DEU
57.6, 1950, Jun Average, Germany, DEU
101.6, 1950, Jul Average, Germany, DEU
86.9, 1950, Aug Average, Germany, DEU
79.9, 1950, Sep Average, Germany, DEU
38.0, 1950, Oct Average, Germany, DEU
92.7, 1950, Nov Average, Germany, DEU
49.3, 1950, Dec Average, Germany, DEU
69.1, 1951, Jan Average, Germany, DEU
42.5, 1951, Feb Average, Germany, DEU
64.3, 1951, Mar Average, Germany, DEU
40.7, 1951, Apr Average, Germany, DEU
64.9, 1951, May Average, Germany, DEU
91.8, 1951, Jun Average, Germany, DEU
63.5, 1951, Jul Average, Germany, DEU
72.7, 1951, Aug Average, Germany, DEU
56.6, 1951, Sep Average, Germany, DEU
11.7, 1951, Oct Average, Germany, DEU
79.5, 1951, Nov Average, Germany, DEU
41.4, 1951, Dec Average, Germany, DEU
61.0, 1952, Jan Average, Germany, DEU
38.6, 1952, Feb Average, Germany, DEU
61.3, 1952, Mar Average, Germany, DEU
31.5, 1952, Apr Average, Germany, DEU
50.7, 1952, May Average, Germany, DEU
68.6, 1952, Jun Average, Germany, DEU
45.9, 1952, Jul Average, Germany, DEU
71.4, 1952, Aug Average, Germany, DEU
80.7, 1952, Sep Average, Germany, DEU
77.2, 1952, Oct Average, Germany, DEU
91.1, 1952, Nov Average, Germany, DEU
59.2, 1952, Dec Average, Germany, DEU
36.6, 1953, Jan Average, Germany, DEU
37.8, 1953, Feb Average, Germany, DEU
11.3, 1953, Mar Average, Germany, DEU
42.6, 1953, Apr Average, Germany, DEU
56.4, 1953, May Average, Germany, DEU
116.6, 1953, Jun Average, Germany, DEU
93.0, 1953, Jul Average, Germany, DEU
51.4, 1953, Aug Average, Germany, DEU
41.2, 1953, Sep Average, Germany, DEU
24.1, 1953, Oct Average, Germany, DEU
17.5, 1953, Nov Average, Germany, DEU
28.4, 1953, Dec Average, Germany, DEU
57.6, 1954, Jan Average, Germany, DEU
21.9, 1954, Feb Average, Germany, DEU
27.0, 1954, Mar Average, Germany, DEU
47.2, 1954, Apr Average, Germany, DEU
49.8, 1954, May Average, Germany, DEU
60.5, 1954, Jun Average, Germany, DEU
125.8, 1954, Jul Average, Germany, DEU
113.7, 1954, Aug Average, Germany, DEU
87.0, 1954, Sep Average, Germany, DEU
67.4, 1954, Oct Average, Germany, DEU
39.4, 1954, Nov Average, Germany, DEU
81.7, 1954, Dec Average, Germany, DEU
57.0, 1955, Jan Average, Germany, DEU
49.3, 1955, Feb Average, Germany, DEU
30.9, 1955, Mar Average, Germany, DEU
38.1, 1955, Apr Average, Germany, DEU
66.1, 1955, May Average, Germany, DEU
86.4, 1955, Jun Average, Germany, DEU
96.8, 1955, Jul Average, Germany, DEU
60.0, 1955, Aug Average, Germany, DEU
61.8, 1955, Sep Average, Germany, DEU
48.5, 1955, Oct Average, Germany, DEU
21.4, 1955, Nov Average, Germany, DEU
79.5, 1955, Dec Average, Germany, DEU
60.0, 1956, Jan Average, Germany, DEU
24.6, 1956, Feb Average, Germany, DEU
42.4, 1956, Mar Average, Germany, DEU
58.1, 1956, Apr Average, Germany, DEU
46.1, 1956, May Average, Germany, DEU
101.7, 1956, Jun Average, Germany, DEU
95.3, 1956, Jul Average, Germany, DEU
98.2, 1956, Aug Average, Germany, DEU
43.1, 1956, Sep Average, Germany, DEU
80.5, 1956, Oct Average, Germany, DEU
44.4, 1956, Nov Average, Germany, DEU
41.7, 1956, Dec Average, Germany, DEU
36.6, 1957, Jan Average, Germany, DEU
72.5, 1957, Feb Average, Germany, DEU
52.4, 1957, Mar Average, Germany, DEU
24.8, 1957, Apr Average, Germany, DEU
47.3, 1957, May Average, Germany, DEU
72.1, 1957, Jun Average, Germany, DEU
108.0, 1957, Jul Average, Germany, DEU
82.4, 1957, Aug Average, Germany, DEU
100.0, 1957, Sep Average, Germany, DEU
28.9, 1957, Oct Average, Germany, DEU
30.5, 1957, Nov Average, Germany, DEU
43.4, 1957, Dec Average, Germany, DEU
61.8, 1958, Jan Average, Germany, DEU
88.1, 1958, Feb Average, Germany, DEU
29.3, 1958, Mar Average, Germany, DEU
46.1, 1958, Apr Average, Germany, DEU
83.3, 1958, May Average, Germany, DEU
79.1, 1958, Jun Average, Germany, DEU
91.3, 1958, Jul Average, Germany, DEU
93.1, 1958, Aug Average, Germany, DEU
58.3, 1958, Sep Average, Germany, DEU
69.0, 1958, Oct Average, Germany, DEU
29.0, 1958, Nov Average, Germany, DEU
61.4, 1958, Dec Average, Germany, DEU
54.6, 1959, Jan Average, Germany, DEU
7.8, 1959, Feb Average, Germany, DEU
32.8, 1959, Mar Average, Germany, DEU
54.1, 1959, Apr Average, Germany, DEU
44.5, 1959, May Average, Germany, DEU
56.1, 1959, Jun Average, Germany, DEU
60.6, 1959, Jul Average, Germany, DEU
68.1, 1959, Aug Average, Germany, DEU
7.6, 1959, Sep Average, Germany, DEU
47.6, 1959, Oct Average, Germany, DEU
35.5, 1959, Nov Average, Germany, DEU
51.5, 1959, Dec Average, Germany, DEU
59.8, 1960, Jan Average, Germany, DEU
38.0, 1960, Feb Average, Germany, DEU
31.7, 1960, Mar Average, Germany, DEU
37.1, 1960, Apr Average, Germany, DEU
62.3, 1960, May Average, Germany, DEU
62.5, 1960, Jun Average, Germany, DEU
89.0, 1960, Jul Average, Germany, DEU
116.5, 1960, Aug Average, Germany, DEU
50.0, 1960, Sep Average, Germany, DEU
97.1, 1960, Oct Average, Germany, DEU
69.9, 1960, Nov Average, Germany, DEU
71.0, 1960, Dec Average, Germany, DEU
54.2, 1961, Jan Average, Germany, DEU
50.9, 1961, Feb Average, Germany, DEU
39.3, 1961, Mar Average, Germany, DEU
68.2, 1961, Apr Average, Germany, DEU
89.4, 1961, May Average, Germany, DEU
85.4, 1961, Jun Average, Germany, DEU
84.4, 1961, Jul Average, Germany, DEU
74.2, 1961, Aug Average, Germany, DEU
38.2, 1961, Sep Average, Germany, DEU
47.9, 1961, Oct Average, Germany, DEU
53.0, 1961, Nov Average, Germany, DEU
73.9, 1961, Dec Average, Germany, DEU
60.9, 1962, Jan Average, Germany, DEU
55.3, 1962, Feb Average, Germany, DEU
48.0, 1962, Mar Average, Germany, DEU
46.2, 1962, Apr Average, Germany, DEU
78.2, 1962, May Average, Germany, DEU
34.5, 1962, Jun Average, Germany, DEU
76.2, 1962, Jul Average, Germany, DEU
71.9, 1962, Aug Average, Germany, DEU
57.8, 1962, Sep Average, Germany, DEU
19.2, 1962, Oct Average, Germany, DEU
28.3, 1962, Nov Average, Germany, DEU
64.2, 1962, Dec Average, Germany, DEU
22.9, 1963, Jan Average, Germany, DEU
18.9, 1963, Feb Average, Germany, DEU
46.9, 1963, Mar Average, Germany, DEU
42.5, 1963, Apr Average, Germany, DEU
52.6, 1963, May Average, Germany, DEU
80.9, 1963, Jun Average, Germany, DEU
54.5, 1963, Jul Average, Germany, DEU
112.1, 1963, Aug Average, Germany, DEU
51.6, 1963, Sep Average, Germany, DEU
39.2, 1963, Oct Average, Germany, DEU
84.1, 1963, Nov Average, Germany, DEU
11.2, 1963, Dec Average, Germany, DEU
22.0, 1964, Jan Average, Germany, DEU
30.5, 1964, Feb Average, Germany, DEU
43.7, 1964, Mar Average, Germany, DEU
50.5, 1964, Apr Average, Germany, DEU
63.2, 1964, May Average, Germany, DEU
63.1, 1964, Jun Average, Germany, DEU
39.0, 1964, Jul Average, Germany, DEU
73.6, 1964, Aug Average, Germany, DEU
47.2, 1964, Sep Average, Germany, DEU
62.3, 1964, Oct Average, Germany, DEU
61.3, 1964, Nov Average, Germany, DEU
40.6, 1964, Dec Average, Germany, DEU
74.7, 1965, Jan Average, Germany, DEU
32.0, 1965, Feb Average, Germany, DEU
51.5, 1965, Mar Average, Germany, DEU
84.3, 1965, Apr Average, Germany, DEU
89.5, 1965, May Average, Germany, DEU
93.5, 1965, Jun Average, Germany, DEU
120.2, 1965, Jul Average, Germany, DEU
60.5, 1965, Aug Average, Germany, DEU
73.0, 1965, Sep Average, Germany, DEU
14.4, 1965, Oct Average, Germany, DEU
74.1, 1965, Nov Average, Germany, DEU
105.6, 1965, Dec Average, Germany, DEU
43.3, 1966, Jan Average, Germany, DEU
60.3, 1966, Feb Average, Germany, DEU
58.2, 1966, Mar Average, Germany, DEU
69.8, 1966, Apr Average, Germany, DEU
64.3, 1966, May Average, Germany, DEU
107.4, 1966, Jun Average, Germany, DEU
111.5, 1966, Jul Average, Germany, DEU
98.4, 1966, Aug Average, Germany, DEU
36.5, 1966, Sep Average, Germany, DEU
64.6, 1966, Oct Average, Germany, DEU
55.5, 1966, Nov Average, Germany, DEU
104.7, 1966, Dec Average, Germany, DEU
50.8, 1967, Jan Average, Germany, DEU
44.4, 1967, Feb Average, Germany, DEU
64.7, 1967, Mar Average, Germany, DEU
41.6, 1967, Apr Average, Germany, DEU
76.1, 1967, May Average, Germany, DEU
73.4, 1967, Jun Average, Germany, DEU
62.0, 1967, Jul Average, Germany, DEU
76.8, 1967, Aug Average, Germany, DEU
78.5, 1967, Sep Average, Germany, DEU
59.6, 1967, Oct Average, Germany, DEU
47.7, 1967, Nov Average, Germany, DEU
69.1, 1967, Dec Average, Germany, DEU
73.0, 1968, Jan Average, Germany, DEU
37.1, 1968, Feb Average, Germany, DEU
41.4, 1968, Mar Average, Germany, DEU
42.2, 1968, Apr Average, Germany, DEU
64.5, 1968, May Average, Germany, DEU
83.0, 1968, Jun Average, Germany, DEU
75.7, 1968, Jul Average, Germany, DEU
100.8, 1968, Aug Average, Germany, DEU
104.5, 1968, Sep Average, Germany, DEU
59.5, 1968, Oct Average, Germany, DEU
41.6, 1968, Nov Average, Germany, DEU
29.4, 1968, Dec Average, Germany, DEU
43.9, 1969, Jan Average, Germany, DEU
44.7, 1969, Feb Average, Germany, DEU
39.7, 1969, Mar Average, Germany, DEU
65.3, 1969, Apr Average, Germany, DEU
73.7, 1969, May Average, Germany, DEU
91.3, 1969, Jun Average, Germany, DEU
44.6, 1969, Jul Average, Germany, DEU
99.1, 1969, Aug Average, Germany, DEU
20.5, 1969, Sep Average, Germany, DEU
18.7, 1969, Oct Average, Germany, DEU
76.7, 1969, Nov Average, Germany, DEU
30.7, 1969, Dec Average, Germany, DEU
40.6, 1970, Jan Average, Germany, DEU
94.5, 1970, Feb Average, Germany, DEU
53.6, 1970, Mar Average, Germany, DEU
85.1, 1970, Apr Average, Germany, DEU
66.2, 1970, May Average, Germany, DEU
60.4, 1970, Jun Average, Germany, DEU
82.4, 1970, Jul Average, Germany, DEU
74.9, 1970, Aug Average, Germany, DEU
52.4, 1970, Sep Average, Germany, DEU
77.6, 1970, Oct Average, Germany, DEU
64.3, 1970, Nov Average, Germany, DEU
39.6, 1970, Dec Average, Germany, DEU
27.4, 1971, Jan Average, Germany, DEU
30.1, 1971, Feb Average, Germany, DEU
28.8, 1971, Mar Average, Germany, DEU
30.1, 1971, Apr Average, Germany, DEU
65.0, 1971, May Average, Germany, DEU
110.9, 1971, Jun Average, Germany, DEU
31.6, 1971, Jul Average, Germany, DEU
65.3, 1971, Aug Average, Germany, DEU
39.7, 1971, Sep Average, Germany, DEU
27.9, 1971, Oct Average, Germany, DEU
58.9, 1971, Nov Average, Germany, DEU
33.7, 1971, Dec Average, Germany, DEU
19.0, 1972, Jan Average, Germany, DEU
11.3, 1972, Feb Average, Germany, DEU
36.4, 1972, Mar Average, Germany, DEU
60.2, 1972, Apr Average, Germany, DEU
80.9, 1972, May Average, Germany, DEU
93.5, 1972, Jun Average, Germany, DEU
80.5, 1972, Jul Average, Germany, DEU
71.2, 1972, Aug Average, Germany, DEU
41.2, 1972, Sep Average, Germany, DEU
26.8, 1972, Oct Average, Germany, DEU
73.3, 1972, Nov Average, Germany, DEU
15.3, 1972, Dec Average, Germany, DEU
29.0, 1973, Jan Average, Germany, DEU
42.8, 1973, Feb Average, Germany, DEU
22.6, 1973, Mar Average, Germany, DEU
60.6, 1973, Apr Average, Germany, DEU
58.4, 1973, May Average, Germany, DEU
58.4, 1973, Jun Average, Germany, DEU
85.9, 1973, Jul Average, Germany, DEU
37.7, 1973, Aug Average, Germany, DEU
46.6, 1973, Sep Average, Germany, DEU
64.6, 1973, Oct Average, Germany, DEU
70.9, 1973, Nov Average, Germany, DEU
55.5, 1973, Dec Average, Germany, DEU
48.5, 1974, Jan Average, Germany, DEU
45.1, 1974, Feb Average, Germany, DEU
32.4, 1974, Mar Average, Germany, DEU
17.5, 1974, Apr Average, Germany, DEU
60.5, 1974, May Average, Germany, DEU
80.8, 1974, Jun Average, Germany, DEU
84.9, 1974, Jul Average, Germany, DEU
64.5, 1974, Aug Average, Germany, DEU
64.3, 1974, Sep Average, Germany, DEU
107.9, 1974, Oct Average, Germany, DEU
65.7, 1974, Nov Average, Germany, DEU
103.9, 1974, Dec Average, Germany, DEU
56.6, 1975, Jan Average, Germany, DEU
16.9, 1975, Feb Average, Germany, DEU
48.8, 1975, Mar Average, Germany, DEU
52.9, 1975, Apr Average, Germany, DEU
48.1, 1975, May Average, Germany, DEU
80.4, 1975, Jun Average, Germany, DEU
73.1, 1975, Jul Average, Germany, DEU
71.7, 1975, Aug Average, Germany, DEU
54.3, 1975, Sep Average, Germany, DEU
33.4, 1975, Oct Average, Germany, DEU
55.9, 1975, Nov Average, Germany, DEU
24.7, 1975, Dec Average, Germany, DEU
89.8, 1976, Jan Average, Germany, DEU
19.1, 1976, Feb Average, Germany, DEU
19.9, 1976, Mar Average, Germany, DEU
24.6, 1976, Apr Average, Germany, DEU
54.4, 1976, May Average, Germany, DEU
31.6, 1976, Jun Average, Germany, DEU
64.6, 1976, Jul Average, Germany, DEU
37.1, 1976, Aug Average, Germany, DEU
58.6, 1976, Sep Average, Germany, DEU
39.9, 1976, Oct Average, Germany, DEU
55.6, 1976, Nov Average, Germany, DEU
40.0, 1976, Dec Average, Germany, DEU
51.7, 1977, Jan Average, Germany, DEU
69.5, 1977, Feb Average, Germany, DEU
45.3, 1977, Mar Average, Germany, DEU
72.7, 1977, Apr Average, Germany, DEU
37.8, 1977, May Average, Germany, DEU
83.4, 1977, Jun Average, Germany, DEU
70.2, 1977, Jul Average, Germany, DEU
91.7, 1977, Aug Average, Germany, DEU
40.9, 1977, Sep Average, Germany, DEU
40.3, 1977, Oct Average, Germany, DEU
90.4, 1977, Nov Average, Germany, DEU
48.6, 1977, Dec Average, Germany, DEU
40.1, 1978, Jan Average, Germany, DEU
33.4, 1978, Feb Average, Germany, DEU
69.8, 1978, Mar Average, Germany, DEU
25.6, 1978, Apr Average, Germany, DEU
85.9, 1978, May Average, Germany, DEU
71.3, 1978, Jun Average, Germany, DEU
68.9, 1978, Jul Average, Germany, DEU
84.6, 1978, Aug Average, Germany, DEU
87.8, 1978, Sep Average, Germany, DEU
43.0, 1978, Oct Average, Germany, DEU
19.5, 1978, Nov Average, Germany, DEU
76.8, 1978, Dec Average, Germany, DEU
41.9, 1979, Jan Average, Germany, DEU
39.9, 1979, Feb Average, Germany, DEU
81.3, 1979, Mar Average, Germany, DEU
59.0, 1979, Apr Average, Germany, DEU
60.0, 1979, May Average, Germany, DEU
76.3, 1979, Jun Average, Germany, DEU
63.2, 1979, Jul Average, Germany, DEU
70.4, 1979, Aug Average, Germany, DEU
53.6, 1979, Sep Average, Germany, DEU
25.5, 1979, Oct Average, Germany, DEU
84.9, 1979, Nov Average, Germany, DEU
88.0, 1979, Dec Average, Germany, DEU
40.6, 1980, Jan Average, Germany, DEU
43.6, 1980, Feb Average, Germany, DEU
38.8, 1980, Mar Average, Germany, DEU
69.5, 1980, Apr Average, Germany, DEU
37.9, 1980, May Average, Germany, DEU
106.1, 1980, Jun Average, Germany, DEU
119.7, 1980, Jul Average, Germany, DEU
66.7, 1980, Aug Average, Germany, DEU
50.4, 1980, Sep Average, Germany, DEU
71.4, 1980, Oct Average, Germany, DEU
48.7, 1980, Nov Average, Germany, DEU
56.9, 1980, Dec Average, Germany, DEU
70.6, 1981, Jan Average, Germany, DEU
30.3, 1981, Feb Average, Germany, DEU
86.2, 1981, Mar Average, Germany, DEU
34.6, 1981, Apr Average, Germany, DEU
74.3, 1981, May Average, Germany, DEU
87.8, 1981, Jun Average, Germany, DEU
92.6, 1981, Jul Average, Germany, DEU
70.8, 1981, Aug Average, Germany, DEU
65.4, 1981, Sep Average, Germany, DEU
110.0, 1981, Oct Average, Germany, DEU
70.9, 1981, Nov Average, Germany, DEU
81.2, 1981, Dec Average, Germany, DEU
68.2, 1982, Jan Average, Germany, DEU
13.2, 1982, Feb Average, Germany, DEU
43.8, 1982, Mar Average, Germany, DEU
31.4, 1982, Apr Average, Germany, DEU
60.8, 1982, May Average, Germany, DEU
83.8, 1982, Jun Average, Germany, DEU
55.2, 1982, Jul Average, Germany, DEU
69.3, 1982, Aug Average, Germany, DEU
27.9, 1982, Sep Average, Germany, DEU
74.5, 1982, Oct Average, Germany, DEU
40.6, 1982, Nov Average, Germany, DEU
69.6, 1982, Dec Average, Germany, DEU
75.2, 1983, Jan Average, Germany, DEU
38.3, 1983, Feb Average, Germany, DEU
52.5, 1983, Mar Average, Germany, DEU
90.5, 1983, Apr Average, Germany, DEU
113.3, 1983, May Average, Germany, DEU
56.4, 1983, Jun Average, Germany, DEU
30.3, 1983, Jul Average, Germany, DEU
56.8, 1983, Aug Average, Germany, DEU
60.2, 1983, Sep Average, Germany, DEU
39.5, 1983, Oct Average, Germany, DEU
47.3, 1983, Nov Average, Germany, DEU
48.5, 1983, Dec Average, Germany, DEU
80.9, 1984, Jan Average, Germany, DEU
52.8, 1984, Feb Average, Germany, DEU
20.0, 1984, Mar Average, Germany, DEU
36.7, 1984, Apr Average, Germany, DEU
97.7, 1984, May Average, Germany, DEU
78.9, 1984, Jun Average, Germany, DEU
65.6, 1984, Jul Average, Germany, DEU
51.3, 1984, Aug Average, Germany, DEU
98.5, 1984, Sep Average, Germany, DEU
58.5, 1984, Oct Average, Germany, DEU
47.7, 1984, Nov Average, Germany, DEU
37.0, 1984, Dec Average, Germany, DEU
47.4, 1985, Jan Average, Germany, DEU
24.2, 1985, Feb Average, Germany, DEU
43.8, 1985, Mar Average, Germany, DEU
58.2, 1985, Apr Average, Germany, DEU
60.8, 1985, May Average, Germany, DEU
97.3, 1985, Jun Average, Germany, DEU
63.3, 1985, Jul Average, Germany, DEU
81.7, 1985, Aug Average, Germany, DEU
46.4, 1985, Sep Average, Germany, DEU
15.4, 1985, Oct Average, Germany, DEU
59.5, 1985, Nov Average, Germany, DEU
66.5, 1985, Dec Average, Germany, DEU
83.9, 1986, Jan Average, Germany, DEU
14.4, 1986, Feb Average, Germany, DEU
63.2, 1986, Mar Average, Germany, DEU
55.3, 1986, Apr Average, Germany, DEU
79.6, 1986, May Average, Germany, DEU
66.8, 1986, Jun Average, Germany, DEU
69.7, 1986, Jul Average, Germany, DEU
80.2, 1986, Aug Average, Germany, DEU
53.0, 1986, Sep Average, Germany, DEU
63.4, 1986, Oct Average, Germany, DEU
37.0, 1986, Nov Average, Germany, DEU
87.1, 1986, Dec Average, Germany, DEU
52.5, 1987, Jan Average, Germany, DEU
48.5, 1987, Feb Average, Germany, DEU
55.6, 1987, Mar Average, Germany, DEU
38.6, 1987, Apr Average, Germany, DEU
84.7, 1987, May Average, Germany, DEU
108.3, 1987, Jun Average, Germany, DEU
105.3, 1987, Jul Average, Germany, DEU
72.2, 1987, Aug Average, Germany, DEU
79.2, 1987, Sep Average, Germany, DEU
43.6, 1987, Oct Average, Germany, DEU
66.0, 1987, Nov Average, Germany, DEU
47.4, 1987, Dec Average, Germany, DEU
67.9, 1988, Jan Average, Germany, DEU
74.7, 1988, Feb Average, Germany, DEU
107.7, 1988, Mar Average, Germany, DEU
24.4, 1988, Apr Average, Germany, DEU
44.0, 1988, May Average, Germany, DEU
66.1, 1988, Jun Average, Germany, DEU
96.6, 1988, Jul Average, Germany, DEU
57.4, 1988, Aug Average, Germany, DEU
59.8, 1988, Sep Average, Germany, DEU
47.6, 1988, Oct Average, Germany, DEU
49.6, 1988, Nov Average, Germany, DEU
84.4, 1988, Dec Average, Germany, DEU
18.7, 1989, Jan Average, Germany, DEU
41.0, 1989, Feb Average, Germany, DEU
48.1, 1989, Mar Average, Germany, DEU
77.7, 1989, Apr Average, Germany, DEU
24.9, 1989, May Average, Germany, DEU
60.7, 1989, Jun Average, Germany, DEU
76.7, 1989, Jul Average, Germany, DEU
64.7, 1989, Aug Average, Germany, DEU
45.0, 1989, Sep Average, Germany, DEU
51.5, 1989, Oct Average, Germany, DEU
41.5, 1989, Nov Average, Germany, DEU
68.7, 1989, Dec Average, Germany, DEU
36.0, 1990, Jan Average, Germany, DEU
82.6, 1990, Feb Average, Germany, DEU
32.2, 1990, Mar Average, Germany, DEU
50.4, 1990, Apr Average, Germany, DEU
36.5, 1990, May Average, Germany, DEU
109.6, 1990, Jun Average, Germany, DEU
41.3, 1990, Jul Average, Germany, DEU
65.8, 1990, Aug Average, Germany, DEU
81.0, 1990, Sep Average, Germany, DEU
45.2, 1990, Oct Average, Germany, DEU
75.2, 1990, Nov Average, Germany, DEU
60.0, 1990, Dec Average, Germany, DEU
38.1, 1991, Jan Average, Germany, DEU
22.2, 1991, Feb Average, Germany, DEU
32.1, 1991, Mar Average, Germany, DEU
34.8, 1991, Apr Average, Germany, DEU
45.9, 1991, May Average, Germany, DEU
108.5, 1991, Jun Average, Germany, DEU
58.9, 1991, Jul Average, Germany, DEU
44.7, 1991, Aug Average, Germany, DEU
46.8, 1991, Sep Average, Germany, DEU
30.8, 1991, Oct Average, Germany, DEU
66.5, 1991, Nov Average, Germany, DEU
62.0, 1991, Dec Average, Germany, DEU
32.3, 1992, Jan Average, Germany, DEU
36.0, 1992, Feb Average, Germany, DEU
84.8, 1992, Mar Average, Germany, DEU
51.3, 1992, Apr Average, Germany, DEU
30.4, 1992, May Average, Germany, DEU
64.9, 1992, Jun Average, Germany, DEU
83.7, 1992, Jul Average, Germany, DEU
83.4, 1992, Aug Average, Germany, DEU
37.3, 1992, Sep Average, Germany, DEU
69.3, 1992, Oct Average, Germany, DEU
92.4, 1992, Nov Average, Germany, DEU
48.7, 1992, Dec Average, Germany, DEU
69.8, 1993, Jan Average, Germany, DEU
26.0, 1993, Feb Average, Germany, DEU
18.4, 1993, Mar Average, Germany, DEU
33.9, 1993, Apr Average, Germany, DEU
65.7, 1993, May Average, Germany, DEU
75.1, 1993, Jun Average, Germany, DEU
126.6, 1993, Jul Average, Germany, DEU
58.7, 1993, Aug Average, Germany, DEU
84.2, 1993, Sep Average, Germany, DEU
64.5, 1993, Oct Average, Germany, DEU
31.2, 1993, Nov Average, Germany, DEU
116.2, 1993, Dec Average, Germany, DEU
72.5, 1994, Jan Average, Germany, DEU
26.9, 1994, Feb Average, Germany, DEU
80.9, 1994, Mar Average, Germany, DEU
74.5, 1994, Apr Average, Germany, DEU
70.0, 1994, May Average, Germany, DEU
62.0, 1994, Jun Average, Germany, DEU
56.6, 1994, Jul Average, Germany, DEU
89.5, 1994, Aug Average, Germany, DEU
79.2, 1994, Sep Average, Germany, DEU
45.9, 1994, Oct Average, Germany, DEU
47.1, 1994, Nov Average, Germany, DEU
68.9, 1994, Dec Average, Germany, DEU
87.1, 1995, Jan Average, Germany, DEU
61.0, 1995, Feb Average, Germany, DEU
68.8, 1995, Mar Average, Germany, DEU
50.1, 1995, Apr Average, Germany, DEU
72.5, 1995, May Average, Germany, DEU
86.1, 1995, Jun Average, Germany, DEU
68.6, 1995, Jul Average, Germany, DEU
75.4, 1995, Aug Average, Germany, DEU
79.5, 1995, Sep Average, Germany, DEU
23.1, 1995, Oct Average, Germany, DEU
48.6, 1995, Nov Average, Germany, DEU
40.5, 1995, Dec Average, Germany, DEU
5.4, 1996, Jan Average, Germany, DEU
37.7, 1996, Feb Average, Germany, DEU
21.4, 1996, Mar Average, Germany, DEU
21.3, 1996, Apr Average, Germany, DEU
87.6, 1996, May Average, Germany, DEU
53.4, 1996, Jun Average, Germany, DEU
78.6, 1996, Jul Average, Germany, DEU
78.8, 1996, Aug Average, Germany, DEU
42.7, 1996, Sep Average, Germany, DEU
66.1, 1996, Oct Average, Germany, DEU
71.3, 1996, Nov Average, Germany, DEU
35.7, 1996, Dec Average, Germany, DEU
10.1, 1997, Jan Average, Germany, DEU
66.4, 1997, Feb Average, Germany, DEU
41.6, 1997, Mar Average, Germany, DEU
41.1, 1997, Apr Average, Germany, DEU
60.6, 1997, May Average, Germany, DEU
88.4, 1997, Jun Average, Germany, DEU
101.6, 1997, Jul Average, Germany, DEU
46.7, 1997, Aug Average, Germany, DEU
27.3, 1997, Sep Average, Germany, DEU
56.0, 1997, Oct Average, Germany, DEU
36.4, 1997, Nov Average, Germany, DEU
67.7, 1997, Dec Average, Germany, DEU
52.3, 1998, Jan Average, Germany, DEU
20.2, 1998, Feb Average, Germany, DEU
57.0, 1998, Mar Average, Germany, DEU
68.1, 1998, Apr Average, Germany, DEU
40.9, 1998, May Average, Germany, DEU
92.0, 1998, Jun Average, Germany, DEU
75.4, 1998, Jul Average, Germany, DEU
58.7, 1998, Aug Average, Germany, DEU
91.8, 1998, Sep Average, Germany, DEU
126.7, 1998, Oct Average, Germany, DEU
59.4, 1998, Nov Average, Germany, DEU
47.3, 1998, Dec Average, Germany, DEU
54.3, 1999, Jan Average, Germany, DEU
61.4, 1999, Feb Average, Germany, DEU
57.3, 1999, Mar Average, Germany, DEU
54.2, 1999, Apr Average, Germany, DEU
71.5, 1999, May Average, Germany, DEU
78.5, 1999, Jun Average, Germany, DEU
69.0, 1999, Jul Average, Germany, DEU
68.1, 1999, Aug Average, Germany, DEU
49.0, 1999, Sep Average, Germany, DEU
39.6, 1999, Oct Average, Germany, DEU
47.3, 1999, Nov Average, Germany, DEU
99.2, 1999, Dec Average, Germany, DEU
44.4, 2000, Jan Average, Germany, DEU
65.7, 2000, Feb Average, Germany, DEU
79.0, 2000, Mar Average, Germany, DEU
37.3, 2000, Apr Average, Germany, DEU
64.1, 2000, May Average, Germany, DEU
52.0, 2000, Jun Average, Germany, DEU
100.7, 2000, Jul Average, Germany, DEU
69.1, 2000, Aug Average, Germany, DEU
72.8, 2000, Sep Average, Germany, DEU
55.7, 2000, Oct Average, Germany, DEU
52.6, 2000, Nov Average, Germany, DEU
43.2, 2000, Dec Average, Germany, DEU
50.6, 2001, Jan Average, Germany, DEU
46.2, 2001, Feb Average, Germany, DEU
89.3, 2001, Mar Average, Germany, DEU
67.3, 2001, Apr Average, Germany, DEU
41.2, 2001, May Average, Germany, DEU
81.4, 2001, Jun Average, Germany, DEU
72.1, 2001, Jul Average, Germany, DEU
65.7, 2001, Aug Average, Germany, DEU
109.6, 2001, Sep Average, Germany, DEU
43.1, 2001, Oct Average, Germany, DEU
67.3, 2001, Nov Average, Germany, DEU
58.9, 2001, Dec Average, Germany, DEU
38.4, 2002, Jan Average, Germany, DEU
83.7, 2002, Feb Average, Germany, DEU
55.1, 2002, Mar Average, Germany, DEU
45.5, 2002, Apr Average, Germany, DEU
75.0, 2002, May Average, Germany, DEU
75.3, 2002, Jun Average, Germany, DEU
103.0, 2002, Jul Average, Germany, DEU
106.6, 2002, Aug Average, Germany, DEU
55.0, 2002, Sep Average, Germany, DEU
90.3, 2002, Oct Average, Germany, DEU
96.0, 2002, Nov Average, Germany, DEU
56.1, 2002, Dec Average, Germany, DEU
63.8, 2003, Jan Average, Germany, DEU
15.3, 2003, Feb Average, Germany, DEU
23.2, 2003, Mar Average, Germany, DEU
36.2, 2003, Apr Average, Germany, DEU
62.1, 2003, May Average, Germany, DEU
60.5, 2003, Jun Average, Germany, DEU
65.2, 2003, Jul Average, Germany, DEU
31.9, 2003, Aug Average, Germany, DEU
43.0, 2003, Sep Average, Germany, DEU
67.6, 2003, Oct Average, Germany, DEU
37.8, 2003, Nov Average, Germany, DEU
48.0, 2003, Dec Average, Germany, DEU
86.0, 2004, Jan Average, Germany, DEU
42.4, 2004, Feb Average, Germany, DEU
33.9, 2004, Mar Average, Germany, DEU
35.3, 2004, Apr Average, Germany, DEU
61.6, 2004, May Average, Germany, DEU
72.1, 2004, Jun Average, Germany, DEU
96.2, 2004, Jul Average, Germany, DEU
79.2, 2004, Aug Average, Germany, DEU
51.2, 2004, Sep Average, Germany, DEU
54.1, 2004, Oct Average, Germany, DEU
58.8, 2004, Nov Average, Germany, DEU
38.9, 2004, Dec Average, Germany, DEU
54.0, 2005, Jan Average, Germany, DEU
49.0, 2005, Feb Average, Germany, DEU
38.1, 2005, Mar Average, Germany, DEU
49.0, 2005, Apr Average, Germany, DEU
71.5, 2005, May Average, Germany, DEU
54.0, 2005, Jun Average, Germany, DEU
112.8, 2005, Jul Average, Germany, DEU
82.3, 2005, Aug Average, Germany, DEU
49.1, 2005, Sep Average, Germany, DEU
39.5, 2005, Oct Average, Germany, DEU
40.9, 2005, Nov Average, Germany, DEU
54.4, 2005, Dec Average, Germany, DEU
23.1, 2006, Jan Average, Germany, DEU
40.0, 2006, Feb Average, Germany, DEU
67.2, 2006, Mar Average, Germany, DEU
59.8, 2006, Apr Average, Germany, DEU
81.2, 2006, May Average, Germany, DEU
47.6, 2006, Jun Average, Germany, DEU
52.7, 2006, Jul Average, Germany, DEU
122.6, 2006, Aug Average, Germany, DEU
33.8, 2006, Sep Average, Germany, DEU
57.5, 2006, Oct Average, Germany, DEU
50.1, 2006, Nov Average, Germany, DEU
44.8, 2006, Dec Average, Germany, DEU
80.3, 2007, Jan Average, Germany, DEU
60.9, 2007, Feb Average, Germany, DEU
58.9, 2007, Mar Average, Germany, DEU
6.6, 2007, Apr Average, Germany, DEU
114.1, 2007, May Average, Germany, DEU
107.2, 2007, Jun Average, Germany, DEU
115.9, 2007, Jul Average, Germany, DEU
90.9, 2007, Aug Average, Germany, DEU
81.9, 2007, Sep Average, Germany, DEU
23.6, 2007, Oct Average, Germany, DEU
70.0, 2007, Nov Average, Germany, DEU
53.2, 2007, Dec Average, Germany, DEU
62.9, 2008, Jan Average, Germany, DEU
33.2, 2008, Feb Average, Germany, DEU
71.9, 2008, Mar Average, Germany, DEU
73.4, 2008, Apr Average, Germany, DEU
32.4, 2008, May Average, Germany, DEU
59.2, 2008, Jun Average, Germany, DEU
81.9, 2008, Jul Average, Germany, DEU
79.5, 2008, Aug Average, Germany, DEU
54.5, 2008, Sep Average, Germany, DEU
71.9, 2008, Oct Average, Germany, DEU
40.0, 2008, Nov Average, Germany, DEU
41.3, 2008, Dec Average, Germany, DEU
28.9, 2009, Jan Average, Germany, DEU
50.0, 2009, Feb Average, Germany, DEU
65.0, 2009, Mar Average, Germany, DEU
26.7, 2009, Apr Average, Germany, DEU
74.5, 2009, May Average, Germany, DEU
80.9, 2009, Jun Average, Germany, DEU
99.8, 2009, Jul Average, Germany, DEU
40.5, 2009, Aug Average, Germany, DEU
38.0, 2009, Sep Average, Germany, DEU
67.6, 2009, Oct Average, Germany, DEU
83.6, 2009, Nov Average, Germany, DEU
75.1, 2009, Dec Average, Germany, DEU
38.2, 2010, Jan Average, Germany, DEU
37.2, 2010, Feb Average, Germany, DEU
44.9, 2010, Mar Average, Germany, DEU
20.7, 2010, Apr Average, Germany, DEU
94.4, 2010, May Average, Germany, DEU
51.2, 2010, Jun Average, Germany, DEU
74.7, 2010, Jul Average, Germany, DEU
135.2, 2010, Aug Average, Germany, DEU
73.7, 2010, Sep Average, Germany, DEU
34.2, 2010, Oct Average, Germany, DEU
87.6, 2010, Nov Average, Germany, DEU
73.7, 2010, Dec Average, Germany, DEU
50.4, 2011, Jan Average, Germany, DEU
26.9, 2011, Feb Average, Germany, DEU
22.4, 2011, Mar Average, Germany, DEU
24.1, 2011, Apr Average, Germany, DEU
43.9, 2011, May Average, Germany, DEU
83.7, 2011, Jun Average, Germany, DEU
104.4, 2011, Jul Average, Germany, DEU
92.3, 2011, Aug Average, Germany, DEU
53.6, 2011, Sep Average, Germany, DEU
48.5, 2011, Oct Average, Germany, DEU
2.8, 2011, Nov Average, Germany, DEU
102.0, 2011, Dec Average, Germany, DEU
85.7, 2012, Jan Average, Germany, DEU
21.8, 2012, Feb Average, Germany, DEU
14.0, 2012, Mar Average, Germany, DEU
40.4, 2012, Apr Average, Germany, DEU
52.5, 2012, May Average, Germany, DEU
93.5, 2012, Jun Average, Germany, DEU
96.1, 2012, Jul Average, Germany, DEU
61.7, 2012, Aug Average, Germany, DEU
45.9, 2012, Sep Average, Germany, DEU
57.4, 2012, Oct Average, Germany, DEU
56.1, 2012, Nov Average, Germany, DEU
80.2, 2012, Dec Average, Germany, DEU
57.0, 2013, Jan Average, Germany, DEU
44.2, 2013, Feb Average, Germany, DEU
33.4, 2013, Mar Average, Germany, DEU
37.1, 2013, Apr Average, Germany, DEU
117.1, 2013, May Average, Germany, DEU
86.2, 2013, Jun Average, Germany, DEU
39.4, 2013, Jul Average, Germany, DEU
55.8, 2013, Aug Average, Germany, DEU
75.4, 2013, Sep Average, Germany, DEU
72.9, 2013, Oct Average, Germany, DEU
64.7, 2013, Nov Average, Germany, DEU
40.4, 2013, Dec Average, Germany, DEU
42.6, 2014, Jan Average, Germany, DEU
27.8, 2014, Feb Average, Germany, DEU
17.3, 2014, Mar Average, Germany, DEU
40.8, 2014, Apr Average, Germany, DEU
85.9, 2014, May Average, Germany, DEU
49.9, 2014, Jun Average, Germany, DEU
118.6, 2014, Jul Average, Germany, DEU
93.3, 2014, Aug Average, Germany, DEU
51.2, 2014, Sep Average, Germany, DEU
62.3, 2014, Oct Average, Germany, DEU
31.6, 2014, Nov Average, Germany, DEU
68.4, 2014, Dec Average, Germany, DEU
76.5, 2015, Jan Average, Germany, DEU
20.6, 2015, Feb Average, Germany, DEU
47.1, 2015, Mar Average, Germany, DEU
38.6, 2015, Apr Average, Germany, DEU
51.2, 2015, May Average, Germany, DEU
60.0, 2015, Jun Average, Germany, DEU
60.8, 2015, Jul Average, Germany, DEU
70.5, 2015, Aug Average, Germany, DEU
52.3, 2015, Sep Average, Germany, DEU
46.7, 2015, Oct Average, Germany, DEU
83.7, 2015, Nov Average, Germany, DEU
32.4, 2015, Dec Average, Germany, DEU
66.9, 2016, Jan Average, Germany, DEU
64.3, 2016, Feb Average, Germany, DEU
39.7, 2016, Mar Average, Germany, DEU
51.3, 2016, Apr Average, Germany, DEU
65.5, 2016, May Average, Germany, DEU
108.1, 2016, Jun Average, Germany, DEU
74.6, 2016, Jul Average, Germany, DEU
50.6, 2016, Aug Average, Germany, DEU
38.6, 2016, Sep Average, Germany, DEU
55.3, 2016, Oct Average, Germany, DEU
51.4, 2016, Nov Average, Germany, DEU
26.6, 2016, Dec Average, Germany, DEU
40.8, 2017, Jan Average, Germany, DEU
39.4, 2017, Feb Average, Germany, DEU
51.3, 2017, Mar Average, Germany, DEU
43.0, 2017, Apr Average, Germany, DEU
55.3, 2017, May Average, Germany, DEU
94.9, 2017, Jun Average, Germany, DEU
114.7, 2017, Jul Average, Germany, DEU
81.1, 2017, Aug Average, Germany, DEU
63.4, 2017, Sep Average, Germany, DEU
72.6, 2017, Oct Average, Germany, DEU
70.9, 2017, Nov Average, Germany, DEU
66.5, 2017, Dec Average, Germany, DEU
84.2, 2018, Jan Average, Germany, DEU
17.6, 2018, Feb Average, Germany, DEU
47.9, 2018, Mar Average, Germany, DEU
34.9, 2018, Apr Average, Germany, DEU
52.6, 2018, May Average, Germany, DEU
50.9, 2018, Jun Average, Germany, DEU
43.7, 2018, Jul Average, Germany, DEU
48.7, 2018, Aug Average, Germany, DEU
43.7, 2018, Sep Average, Germany, DEU
27.2, 2018, Oct Average, Germany, DEU
19.8, 2018, Nov Average, Germany, DEU
86.9, 2018, Dec Average, Germany, DEU
61.2, 2019, Jan Average, Germany, DEU
26.1, 2019, Feb Average, Germany, DEU
61.3, 2019, Mar Average, Germany, DEU
25.1, 2019, Apr Average, Germany, DEU
73.7, 2019, May Average, Germany, DEU
60.9, 2019, Jun Average, Germany, DEU
53.4, 2019, Jul Average, Germany, DEU
65.8, 2019, Aug Average, Germany, DEU
62.2, 2019, Sep Average, Germany, DEU
73.3, 2019, Oct Average, Germany, DEU
52.9, 2019, Nov Average, Germany, DEU
47.4, 2019, Dec Average, Germany, DEU
35.3, 2020, Jan Average, Germany, DEU
98.9, 2020, Feb Average, Germany, DEU
45.1, 2020, Mar Average, Germany, DEU
17.8, 2020, Apr Average, Germany, DEU
37.7, 2020, May Average, Germany, DEU
85.4, 2020, Jun Average, Germany, DEU
52.1, 2020, Jul Average, Germany, DEU
78.9, 2020, Aug Average, Germany, DEU
52.5, 2020, Sep Average, Germany, DEU
69.7, 2020, Oct Average, Germany, DEU
17.7, 2020, Nov Average, Germany, DEU
49.6, 2020, Dec Average, Germany, DEU
