tasmax, Year, Statistics, Country, ISO3
30.0, 1901, Jan Average, Indonesia, IDN
30.0, 1901, Feb Average, Indonesia, IDN
30.5, 1901, Mar Average, Indonesia, IDN
30.7, 1901, Apr Average, Indonesia, IDN
30.9, 1901, May Average, Indonesia, IDN
30.2, 1901, Jun Average, Indonesia, IDN
30.3, 1901, Jul Average, Indonesia, IDN
30.2, 1901, Aug Average, Indonesia, IDN
30.5, 1901, Sep Average, Indonesia, IDN
31.0, 1901, Oct Average, Indonesia, IDN
30.9, 1901, Nov Average, Indonesia, IDN
30.2, 1901, Dec Average, Indonesia, IDN
29.9, 1902, Jan Average, Indonesia, IDN
30.0, 1902, Feb Average, Indonesia, IDN
30.3, 1902, Mar Average, Indonesia, IDN
30.6, 1902, Apr Average, Indonesia, IDN
30.9, 1902, May Average, Indonesia, IDN
30.2, 1902, Jun Average, Indonesia, IDN
30.0, 1902, Jul Average, Indonesia, IDN
30.3, 1902, Aug Average, Indonesia, IDN
30.5, 1902, Sep Average, Indonesia, IDN
31.0, 1902, Oct Average, Indonesia, IDN
30.9, 1902, Nov Average, Indonesia, IDN
30.4, 1902, Dec Average, Indonesia, IDN
30.2, 1903, Jan Average, Indonesia, IDN
30.1, 1903, Feb Average, Indonesia, IDN
30.4, 1903, Mar Average, Indonesia, IDN
30.6, 1903, Apr Average, Indonesia, IDN
30.9, 1903, May Average, Indonesia, IDN
30.2, 1903, Jun Average, Indonesia, IDN
30.0, 1903, Jul Average, Indonesia, IDN
30.3, 1903, Aug Average, Indonesia, IDN
30.5, 1903, Sep Average, Indonesia, IDN
30.8, 1903, Oct Average, Indonesia, IDN
30.9, 1903, Nov Average, Indonesia, IDN
30.1, 1903, Dec Average, Indonesia, IDN
29.8, 1904, Jan Average, Indonesia, IDN
29.9, 1904, Feb Average, Indonesia, IDN
30.5, 1904, Mar Average, Indonesia, IDN
30.5, 1904, Apr Average, Indonesia, IDN
30.9, 1904, May Average, Indonesia, IDN
30.4, 1904, Jun Average, Indonesia, IDN
30.2, 1904, Jul Average, Indonesia, IDN
30.2, 1904, Aug Average, Indonesia, IDN
30.7, 1904, Sep Average, Indonesia, IDN
30.7, 1904, Oct Average, Indonesia, IDN
30.9, 1904, Nov Average, Indonesia, IDN
30.2, 1904, Dec Average, Indonesia, IDN
30.0, 1905, Jan Average, Indonesia, IDN
30.1, 1905, Feb Average, Indonesia, IDN
30.4, 1905, Mar Average, Indonesia, IDN
30.6, 1905, Apr Average, Indonesia, IDN
30.9, 1905, May Average, Indonesia, IDN
30.4, 1905, Jun Average, Indonesia, IDN
30.1, 1905, Jul Average, Indonesia, IDN
30.3, 1905, Aug Average, Indonesia, IDN
30.5, 1905, Sep Average, Indonesia, IDN
31.0, 1905, Oct Average, Indonesia, IDN
30.9, 1905, Nov Average, Indonesia, IDN
30.4, 1905, Dec Average, Indonesia, IDN
30.1, 1906, Jan Average, Indonesia, IDN
30.4, 1906, Feb Average, Indonesia, IDN
30.4, 1906, Mar Average, Indonesia, IDN
30.7, 1906, Apr Average, Indonesia, IDN
30.9, 1906, May Average, Indonesia, IDN
30.3, 1906, Jun Average, Indonesia, IDN
30.1, 1906, Jul Average, Indonesia, IDN
30.3, 1906, Aug Average, Indonesia, IDN
30.5, 1906, Sep Average, Indonesia, IDN
30.8, 1906, Oct Average, Indonesia, IDN
30.9, 1906, Nov Average, Indonesia, IDN
30.2, 1906, Dec Average, Indonesia, IDN
29.9, 1907, Jan Average, Indonesia, IDN
30.0, 1907, Feb Average, Indonesia, IDN
30.2, 1907, Mar Average, Indonesia, IDN
30.5, 1907, Apr Average, Indonesia, IDN
30.9, 1907, May Average, Indonesia, IDN
30.2, 1907, Jun Average, Indonesia, IDN
30.0, 1907, Jul Average, Indonesia, IDN
30.2, 1907, Aug Average, Indonesia, IDN
30.7, 1907, Sep Average, Indonesia, IDN
30.8, 1907, Oct Average, Indonesia, IDN
30.9, 1907, Nov Average, Indonesia, IDN
30.2, 1907, Dec Average, Indonesia, IDN
30.0, 1908, Jan Average, Indonesia, IDN
30.2, 1908, Feb Average, Indonesia, IDN
30.4, 1908, Mar Average, Indonesia, IDN
30.7, 1908, Apr Average, Indonesia, IDN
30.9, 1908, May Average, Indonesia, IDN
30.2, 1908, Jun Average, Indonesia, IDN
30.2, 1908, Jul Average, Indonesia, IDN
30.3, 1908, Aug Average, Indonesia, IDN
30.8, 1908, Sep Average, Indonesia, IDN
30.8, 1908, Oct Average, Indonesia, IDN
30.9, 1908, Nov Average, Indonesia, IDN
30.3, 1908, Dec Average, Indonesia, IDN
30.1, 1909, Jan Average, Indonesia, IDN
30.2, 1909, Feb Average, Indonesia, IDN
30.3, 1909, Mar Average, Indonesia, IDN
30.6, 1909, Apr Average, Indonesia, IDN
30.9, 1909, May Average, Indonesia, IDN
30.5, 1909, Jun Average, Indonesia, IDN
30.0, 1909, Jul Average, Indonesia, IDN
30.4, 1909, Aug Average, Indonesia, IDN
30.5, 1909, Sep Average, Indonesia, IDN
30.8, 1909, Oct Average, Indonesia, IDN
30.9, 1909, Nov Average, Indonesia, IDN
30.2, 1909, Dec Average, Indonesia, IDN
30.0, 1910, Jan Average, Indonesia, IDN
30.2, 1910, Feb Average, Indonesia, IDN
30.3, 1910, Mar Average, Indonesia, IDN
30.5, 1910, Apr Average, Indonesia, IDN
30.9, 1910, May Average, Indonesia, IDN
30.2, 1910, Jun Average, Indonesia, IDN
30.1, 1910, Jul Average, Indonesia, IDN
30.3, 1910, Aug Average, Indonesia, IDN
30.8, 1910, Sep Average, Indonesia, IDN
30.7, 1910, Oct Average, Indonesia, IDN
30.9, 1910, Nov Average, Indonesia, IDN
30.2, 1910, Dec Average, Indonesia, IDN
30.1, 1911, Jan Average, Indonesia, IDN
30.3, 1911, Feb Average, Indonesia, IDN
30.6, 1911, Mar Average, Indonesia, IDN
30.8, 1911, Apr Average, Indonesia, IDN
30.9, 1911, May Average, Indonesia, IDN
30.4, 1911, Jun Average, Indonesia, IDN
30.2, 1911, Jul Average, Indonesia, IDN
30.3, 1911, Aug Average, Indonesia, IDN
30.7, 1911, Sep Average, Indonesia, IDN
31.0, 1911, Oct Average, Indonesia, IDN
31.2, 1911, Nov Average, Indonesia, IDN
30.6, 1911, Dec Average, Indonesia, IDN
30.3, 1912, Jan Average, Indonesia, IDN
30.5, 1912, Feb Average, Indonesia, IDN
30.7, 1912, Mar Average, Indonesia, IDN
31.0, 1912, Apr Average, Indonesia, IDN
31.0, 1912, May Average, Indonesia, IDN
30.4, 1912, Jun Average, Indonesia, IDN
30.2, 1912, Jul Average, Indonesia, IDN
30.5, 1912, Aug Average, Indonesia, IDN
30.7, 1912, Sep Average, Indonesia, IDN
31.0, 1912, Oct Average, Indonesia, IDN
31.1, 1912, Nov Average, Indonesia, IDN
30.5, 1912, Dec Average, Indonesia, IDN
30.2, 1913, Jan Average, Indonesia, IDN
30.4, 1913, Feb Average, Indonesia, IDN
30.6, 1913, Mar Average, Indonesia, IDN
30.7, 1913, Apr Average, Indonesia, IDN
31.0, 1913, May Average, Indonesia, IDN
30.3, 1913, Jun Average, Indonesia, IDN
30.2, 1913, Jul Average, Indonesia, IDN
30.4, 1913, Aug Average, Indonesia, IDN
30.7, 1913, Sep Average, Indonesia, IDN
31.1, 1913, Oct Average, Indonesia, IDN
31.2, 1913, Nov Average, Indonesia, IDN
30.6, 1913, Dec Average, Indonesia, IDN
30.2, 1914, Jan Average, Indonesia, IDN
30.5, 1914, Feb Average, Indonesia, IDN
30.6, 1914, Mar Average, Indonesia, IDN
30.8, 1914, Apr Average, Indonesia, IDN
31.2, 1914, May Average, Indonesia, IDN
30.4, 1914, Jun Average, Indonesia, IDN
30.2, 1914, Jul Average, Indonesia, IDN
30.5, 1914, Aug Average, Indonesia, IDN
30.8, 1914, Sep Average, Indonesia, IDN
31.2, 1914, Oct Average, Indonesia, IDN
31.2, 1914, Nov Average, Indonesia, IDN
30.7, 1914, Dec Average, Indonesia, IDN
30.1, 1915, Jan Average, Indonesia, IDN
30.3, 1915, Feb Average, Indonesia, IDN
30.6, 1915, Mar Average, Indonesia, IDN
30.9, 1915, Apr Average, Indonesia, IDN
31.0, 1915, May Average, Indonesia, IDN
30.6, 1915, Jun Average, Indonesia, IDN
30.3, 1915, Jul Average, Indonesia, IDN
30.7, 1915, Aug Average, Indonesia, IDN
30.8, 1915, Sep Average, Indonesia, IDN
31.1, 1915, Oct Average, Indonesia, IDN
31.2, 1915, Nov Average, Indonesia, IDN
30.5, 1915, Dec Average, Indonesia, IDN
29.9, 1916, Jan Average, Indonesia, IDN
30.2, 1916, Feb Average, Indonesia, IDN
30.5, 1916, Mar Average, Indonesia, IDN
30.8, 1916, Apr Average, Indonesia, IDN
30.7, 1916, May Average, Indonesia, IDN
30.3, 1916, Jun Average, Indonesia, IDN
30.1, 1916, Jul Average, Indonesia, IDN
30.4, 1916, Aug Average, Indonesia, IDN
30.7, 1916, Sep Average, Indonesia, IDN
31.1, 1916, Oct Average, Indonesia, IDN
31.2, 1916, Nov Average, Indonesia, IDN
30.4, 1916, Dec Average, Indonesia, IDN
29.8, 1917, Jan Average, Indonesia, IDN
30.0, 1917, Feb Average, Indonesia, IDN
30.3, 1917, Mar Average, Indonesia, IDN
30.6, 1917, Apr Average, Indonesia, IDN
30.6, 1917, May Average, Indonesia, IDN
30.3, 1917, Jun Average, Indonesia, IDN
30.2, 1917, Jul Average, Indonesia, IDN
30.4, 1917, Aug Average, Indonesia, IDN
30.8, 1917, Sep Average, Indonesia, IDN
31.3, 1917, Oct Average, Indonesia, IDN
31.2, 1917, Nov Average, Indonesia, IDN
30.6, 1917, Dec Average, Indonesia, IDN
29.5, 1918, Jan Average, Indonesia, IDN
29.6, 1918, Feb Average, Indonesia, IDN
30.3, 1918, Mar Average, Indonesia, IDN
30.7, 1918, Apr Average, Indonesia, IDN
30.7, 1918, May Average, Indonesia, IDN
30.2, 1918, Jun Average, Indonesia, IDN
30.1, 1918, Jul Average, Indonesia, IDN
30.4, 1918, Aug Average, Indonesia, IDN
30.7, 1918, Sep Average, Indonesia, IDN
31.1, 1918, Oct Average, Indonesia, IDN
31.2, 1918, Nov Average, Indonesia, IDN
30.4, 1918, Dec Average, Indonesia, IDN
30.3, 1919, Jan Average, Indonesia, IDN
30.5, 1919, Feb Average, Indonesia, IDN
30.7, 1919, Mar Average, Indonesia, IDN
30.8, 1919, Apr Average, Indonesia, IDN
30.9, 1919, May Average, Indonesia, IDN
30.4, 1919, Jun Average, Indonesia, IDN
30.0, 1919, Jul Average, Indonesia, IDN
30.4, 1919, Aug Average, Indonesia, IDN
30.7, 1919, Sep Average, Indonesia, IDN
31.1, 1919, Oct Average, Indonesia, IDN
31.1, 1919, Nov Average, Indonesia, IDN
30.4, 1919, Dec Average, Indonesia, IDN
29.9, 1920, Jan Average, Indonesia, IDN
30.1, 1920, Feb Average, Indonesia, IDN
30.6, 1920, Mar Average, Indonesia, IDN
30.7, 1920, Apr Average, Indonesia, IDN
31.0, 1920, May Average, Indonesia, IDN
30.5, 1920, Jun Average, Indonesia, IDN
30.3, 1920, Jul Average, Indonesia, IDN
30.4, 1920, Aug Average, Indonesia, IDN
31.0, 1920, Sep Average, Indonesia, IDN
31.3, 1920, Oct Average, Indonesia, IDN
31.2, 1920, Nov Average, Indonesia, IDN
30.3, 1920, Dec Average, Indonesia, IDN
30.1, 1921, Jan Average, Indonesia, IDN
30.2, 1921, Feb Average, Indonesia, IDN
30.3, 1921, Mar Average, Indonesia, IDN
30.6, 1921, Apr Average, Indonesia, IDN
30.6, 1921, May Average, Indonesia, IDN
30.2, 1921, Jun Average, Indonesia, IDN
30.2, 1921, Jul Average, Indonesia, IDN
30.5, 1921, Aug Average, Indonesia, IDN
30.7, 1921, Sep Average, Indonesia, IDN
30.9, 1921, Oct Average, Indonesia, IDN
31.0, 1921, Nov Average, Indonesia, IDN
30.4, 1921, Dec Average, Indonesia, IDN
30.2, 1922, Jan Average, Indonesia, IDN
30.1, 1922, Feb Average, Indonesia, IDN
30.3, 1922, Mar Average, Indonesia, IDN
30.6, 1922, Apr Average, Indonesia, IDN
30.6, 1922, May Average, Indonesia, IDN
30.3, 1922, Jun Average, Indonesia, IDN
30.2, 1922, Jul Average, Indonesia, IDN
30.3, 1922, Aug Average, Indonesia, IDN
30.7, 1922, Sep Average, Indonesia, IDN
31.0, 1922, Oct Average, Indonesia, IDN
31.2, 1922, Nov Average, Indonesia, IDN
30.6, 1922, Dec Average, Indonesia, IDN
30.1, 1923, Jan Average, Indonesia, IDN
30.3, 1923, Feb Average, Indonesia, IDN
30.3, 1923, Mar Average, Indonesia, IDN
30.9, 1923, Apr Average, Indonesia, IDN
30.8, 1923, May Average, Indonesia, IDN
30.4, 1923, Jun Average, Indonesia, IDN
30.0, 1923, Jul Average, Indonesia, IDN
30.1, 1923, Aug Average, Indonesia, IDN
30.5, 1923, Sep Average, Indonesia, IDN
31.1, 1923, Oct Average, Indonesia, IDN
31.1, 1923, Nov Average, Indonesia, IDN
30.5, 1923, Dec Average, Indonesia, IDN
30.3, 1924, Jan Average, Indonesia, IDN
30.3, 1924, Feb Average, Indonesia, IDN
30.4, 1924, Mar Average, Indonesia, IDN
30.7, 1924, Apr Average, Indonesia, IDN
30.9, 1924, May Average, Indonesia, IDN
30.4, 1924, Jun Average, Indonesia, IDN
30.3, 1924, Jul Average, Indonesia, IDN
30.6, 1924, Aug Average, Indonesia, IDN
30.7, 1924, Sep Average, Indonesia, IDN
30.8, 1924, Oct Average, Indonesia, IDN
30.9, 1924, Nov Average, Indonesia, IDN
30.3, 1924, Dec Average, Indonesia, IDN
30.1, 1925, Jan Average, Indonesia, IDN
29.9, 1925, Feb Average, Indonesia, IDN
30.1, 1925, Mar Average, Indonesia, IDN
30.7, 1925, Apr Average, Indonesia, IDN
30.9, 1925, May Average, Indonesia, IDN
30.5, 1925, Jun Average, Indonesia, IDN
30.2, 1925, Jul Average, Indonesia, IDN
30.6, 1925, Aug Average, Indonesia, IDN
30.8, 1925, Sep Average, Indonesia, IDN
31.0, 1925, Oct Average, Indonesia, IDN
31.1, 1925, Nov Average, Indonesia, IDN
30.5, 1925, Dec Average, Indonesia, IDN
30.0, 1926, Jan Average, Indonesia, IDN
30.5, 1926, Feb Average, Indonesia, IDN
30.7, 1926, Mar Average, Indonesia, IDN
31.1, 1926, Apr Average, Indonesia, IDN
31.1, 1926, May Average, Indonesia, IDN
30.5, 1926, Jun Average, Indonesia, IDN
30.3, 1926, Jul Average, Indonesia, IDN
30.7, 1926, Aug Average, Indonesia, IDN
30.8, 1926, Sep Average, Indonesia, IDN
31.1, 1926, Oct Average, Indonesia, IDN
31.1, 1926, Nov Average, Indonesia, IDN
30.5, 1926, Dec Average, Indonesia, IDN
30.0, 1927, Jan Average, Indonesia, IDN
30.4, 1927, Feb Average, Indonesia, IDN
30.6, 1927, Mar Average, Indonesia, IDN
30.8, 1927, Apr Average, Indonesia, IDN
31.0, 1927, May Average, Indonesia, IDN
30.5, 1927, Jun Average, Indonesia, IDN
30.3, 1927, Jul Average, Indonesia, IDN
30.6, 1927, Aug Average, Indonesia, IDN
30.8, 1927, Sep Average, Indonesia, IDN
31.0, 1927, Oct Average, Indonesia, IDN
31.1, 1927, Nov Average, Indonesia, IDN
30.6, 1927, Dec Average, Indonesia, IDN
30.3, 1928, Jan Average, Indonesia, IDN
30.3, 1928, Feb Average, Indonesia, IDN
30.5, 1928, Mar Average, Indonesia, IDN
30.8, 1928, Apr Average, Indonesia, IDN
31.0, 1928, May Average, Indonesia, IDN
30.4, 1928, Jun Average, Indonesia, IDN
30.3, 1928, Jul Average, Indonesia, IDN
30.5, 1928, Aug Average, Indonesia, IDN
30.8, 1928, Sep Average, Indonesia, IDN
31.1, 1928, Oct Average, Indonesia, IDN
31.0, 1928, Nov Average, Indonesia, IDN
30.5, 1928, Dec Average, Indonesia, IDN
30.1, 1929, Jan Average, Indonesia, IDN
30.1, 1929, Feb Average, Indonesia, IDN
30.2, 1929, Mar Average, Indonesia, IDN
30.8, 1929, Apr Average, Indonesia, IDN
30.8, 1929, May Average, Indonesia, IDN
30.2, 1929, Jun Average, Indonesia, IDN
30.1, 1929, Jul Average, Indonesia, IDN
30.4, 1929, Aug Average, Indonesia, IDN
30.7, 1929, Sep Average, Indonesia, IDN
31.1, 1929, Oct Average, Indonesia, IDN
30.9, 1929, Nov Average, Indonesia, IDN
30.4, 1929, Dec Average, Indonesia, IDN
30.3, 1930, Jan Average, Indonesia, IDN
30.3, 1930, Feb Average, Indonesia, IDN
30.5, 1930, Mar Average, Indonesia, IDN
30.8, 1930, Apr Average, Indonesia, IDN
30.9, 1930, May Average, Indonesia, IDN
30.3, 1930, Jun Average, Indonesia, IDN
30.3, 1930, Jul Average, Indonesia, IDN
30.8, 1930, Aug Average, Indonesia, IDN
30.8, 1930, Sep Average, Indonesia, IDN
31.1, 1930, Oct Average, Indonesia, IDN
31.0, 1930, Nov Average, Indonesia, IDN
30.6, 1930, Dec Average, Indonesia, IDN
30.4, 1931, Jan Average, Indonesia, IDN
30.7, 1931, Feb Average, Indonesia, IDN
30.8, 1931, Mar Average, Indonesia, IDN
30.9, 1931, Apr Average, Indonesia, IDN
31.1, 1931, May Average, Indonesia, IDN
30.6, 1931, Jun Average, Indonesia, IDN
30.3, 1931, Jul Average, Indonesia, IDN
30.8, 1931, Aug Average, Indonesia, IDN
30.8, 1931, Sep Average, Indonesia, IDN
31.1, 1931, Oct Average, Indonesia, IDN
31.1, 1931, Nov Average, Indonesia, IDN
30.4, 1931, Dec Average, Indonesia, IDN
30.1, 1932, Jan Average, Indonesia, IDN
30.3, 1932, Feb Average, Indonesia, IDN
30.3, 1932, Mar Average, Indonesia, IDN
30.7, 1932, Apr Average, Indonesia, IDN
30.9, 1932, May Average, Indonesia, IDN
30.3, 1932, Jun Average, Indonesia, IDN
30.2, 1932, Jul Average, Indonesia, IDN
30.5, 1932, Aug Average, Indonesia, IDN
30.7, 1932, Sep Average, Indonesia, IDN
31.1, 1932, Oct Average, Indonesia, IDN
30.9, 1932, Nov Average, Indonesia, IDN
30.5, 1932, Dec Average, Indonesia, IDN
30.3, 1933, Jan Average, Indonesia, IDN
30.2, 1933, Feb Average, Indonesia, IDN
30.4, 1933, Mar Average, Indonesia, IDN
30.7, 1933, Apr Average, Indonesia, IDN
31.0, 1933, May Average, Indonesia, IDN
30.4, 1933, Jun Average, Indonesia, IDN
30.2, 1933, Jul Average, Indonesia, IDN
30.8, 1933, Aug Average, Indonesia, IDN
30.6, 1933, Sep Average, Indonesia, IDN
31.0, 1933, Oct Average, Indonesia, IDN
30.9, 1933, Nov Average, Indonesia, IDN
30.4, 1933, Dec Average, Indonesia, IDN
29.9, 1934, Jan Average, Indonesia, IDN
29.9, 1934, Feb Average, Indonesia, IDN
30.1, 1934, Mar Average, Indonesia, IDN
30.6, 1934, Apr Average, Indonesia, IDN
30.8, 1934, May Average, Indonesia, IDN
30.3, 1934, Jun Average, Indonesia, IDN
30.3, 1934, Jul Average, Indonesia, IDN
30.5, 1934, Aug Average, Indonesia, IDN
30.7, 1934, Sep Average, Indonesia, IDN
31.0, 1934, Oct Average, Indonesia, IDN
31.0, 1934, Nov Average, Indonesia, IDN
30.5, 1934, Dec Average, Indonesia, IDN
30.3, 1935, Jan Average, Indonesia, IDN
30.5, 1935, Feb Average, Indonesia, IDN
30.6, 1935, Mar Average, Indonesia, IDN
30.7, 1935, Apr Average, Indonesia, IDN
30.8, 1935, May Average, Indonesia, IDN
30.2, 1935, Jun Average, Indonesia, IDN
30.1, 1935, Jul Average, Indonesia, IDN
30.3, 1935, Aug Average, Indonesia, IDN
30.8, 1935, Sep Average, Indonesia, IDN
31.1, 1935, Oct Average, Indonesia, IDN
31.0, 1935, Nov Average, Indonesia, IDN
30.6, 1935, Dec Average, Indonesia, IDN
30.2, 1936, Jan Average, Indonesia, IDN
30.5, 1936, Feb Average, Indonesia, IDN
30.5, 1936, Mar Average, Indonesia, IDN
30.7, 1936, Apr Average, Indonesia, IDN
30.9, 1936, May Average, Indonesia, IDN
30.3, 1936, Jun Average, Indonesia, IDN
30.2, 1936, Jul Average, Indonesia, IDN
30.5, 1936, Aug Average, Indonesia, IDN
30.8, 1936, Sep Average, Indonesia, IDN
30.9, 1936, Oct Average, Indonesia, IDN
31.0, 1936, Nov Average, Indonesia, IDN
30.6, 1936, Dec Average, Indonesia, IDN
30.2, 1937, Jan Average, Indonesia, IDN
30.5, 1937, Feb Average, Indonesia, IDN
30.7, 1937, Mar Average, Indonesia, IDN
30.7, 1937, Apr Average, Indonesia, IDN
30.7, 1937, May Average, Indonesia, IDN
30.4, 1937, Jun Average, Indonesia, IDN
30.1, 1937, Jul Average, Indonesia, IDN
30.5, 1937, Aug Average, Indonesia, IDN
30.8, 1937, Sep Average, Indonesia, IDN
31.0, 1937, Oct Average, Indonesia, IDN
31.1, 1937, Nov Average, Indonesia, IDN
30.5, 1937, Dec Average, Indonesia, IDN
30.3, 1938, Jan Average, Indonesia, IDN
30.5, 1938, Feb Average, Indonesia, IDN
30.5, 1938, Mar Average, Indonesia, IDN
30.8, 1938, Apr Average, Indonesia, IDN
30.8, 1938, May Average, Indonesia, IDN
30.4, 1938, Jun Average, Indonesia, IDN
30.2, 1938, Jul Average, Indonesia, IDN
30.3, 1938, Aug Average, Indonesia, IDN
30.7, 1938, Sep Average, Indonesia, IDN
31.1, 1938, Oct Average, Indonesia, IDN
31.0, 1938, Nov Average, Indonesia, IDN
30.5, 1938, Dec Average, Indonesia, IDN
30.2, 1939, Jan Average, Indonesia, IDN
30.3, 1939, Feb Average, Indonesia, IDN
30.5, 1939, Mar Average, Indonesia, IDN
30.8, 1939, Apr Average, Indonesia, IDN
30.8, 1939, May Average, Indonesia, IDN
30.2, 1939, Jun Average, Indonesia, IDN
30.3, 1939, Jul Average, Indonesia, IDN
30.5, 1939, Aug Average, Indonesia, IDN
30.6, 1939, Sep Average, Indonesia, IDN
30.9, 1939, Oct Average, Indonesia, IDN
31.0, 1939, Nov Average, Indonesia, IDN
30.5, 1939, Dec Average, Indonesia, IDN
30.2, 1940, Jan Average, Indonesia, IDN
30.3, 1940, Feb Average, Indonesia, IDN
30.5, 1940, Mar Average, Indonesia, IDN
30.8, 1940, Apr Average, Indonesia, IDN
30.6, 1940, May Average, Indonesia, IDN
30.3, 1940, Jun Average, Indonesia, IDN
30.4, 1940, Jul Average, Indonesia, IDN
30.3, 1940, Aug Average, Indonesia, IDN
30.8, 1940, Sep Average, Indonesia, IDN
31.3, 1940, Oct Average, Indonesia, IDN
31.1, 1940, Nov Average, Indonesia, IDN
30.8, 1940, Dec Average, Indonesia, IDN
30.6, 1941, Jan Average, Indonesia, IDN
30.8, 1941, Feb Average, Indonesia, IDN
31.0, 1941, Mar Average, Indonesia, IDN
31.2, 1941, Apr Average, Indonesia, IDN
31.2, 1941, May Average, Indonesia, IDN
30.9, 1941, Jun Average, Indonesia, IDN
30.4, 1941, Jul Average, Indonesia, IDN
30.6, 1941, Aug Average, Indonesia, IDN
30.9, 1941, Sep Average, Indonesia, IDN
31.4, 1941, Oct Average, Indonesia, IDN
31.1, 1941, Nov Average, Indonesia, IDN
30.7, 1941, Dec Average, Indonesia, IDN
30.3, 1942, Jan Average, Indonesia, IDN
30.4, 1942, Feb Average, Indonesia, IDN
30.7, 1942, Mar Average, Indonesia, IDN
30.8, 1942, Apr Average, Indonesia, IDN
30.9, 1942, May Average, Indonesia, IDN
30.6, 1942, Jun Average, Indonesia, IDN
30.1, 1942, Jul Average, Indonesia, IDN
30.4, 1942, Aug Average, Indonesia, IDN
30.7, 1942, Sep Average, Indonesia, IDN
31.0, 1942, Oct Average, Indonesia, IDN
30.9, 1942, Nov Average, Indonesia, IDN
30.5, 1942, Dec Average, Indonesia, IDN
29.9, 1943, Jan Average, Indonesia, IDN
30.1, 1943, Feb Average, Indonesia, IDN
30.3, 1943, Mar Average, Indonesia, IDN
30.6, 1943, Apr Average, Indonesia, IDN
30.8, 1943, May Average, Indonesia, IDN
30.2, 1943, Jun Average, Indonesia, IDN
30.1, 1943, Jul Average, Indonesia, IDN
30.4, 1943, Aug Average, Indonesia, IDN
30.7, 1943, Sep Average, Indonesia, IDN
30.9, 1943, Oct Average, Indonesia, IDN
30.9, 1943, Nov Average, Indonesia, IDN
30.4, 1943, Dec Average, Indonesia, IDN
30.2, 1944, Jan Average, Indonesia, IDN
30.2, 1944, Feb Average, Indonesia, IDN
30.5, 1944, Mar Average, Indonesia, IDN
30.6, 1944, Apr Average, Indonesia, IDN
30.7, 1944, May Average, Indonesia, IDN
30.3, 1944, Jun Average, Indonesia, IDN
30.0, 1944, Jul Average, Indonesia, IDN
30.3, 1944, Aug Average, Indonesia, IDN
30.7, 1944, Sep Average, Indonesia, IDN
31.1, 1944, Oct Average, Indonesia, IDN
30.9, 1944, Nov Average, Indonesia, IDN
30.4, 1944, Dec Average, Indonesia, IDN
30.3, 1945, Jan Average, Indonesia, IDN
30.3, 1945, Feb Average, Indonesia, IDN
30.5, 1945, Mar Average, Indonesia, IDN
30.7, 1945, Apr Average, Indonesia, IDN
30.8, 1945, May Average, Indonesia, IDN
30.2, 1945, Jun Average, Indonesia, IDN
30.0, 1945, Jul Average, Indonesia, IDN
30.4, 1945, Aug Average, Indonesia, IDN
30.7, 1945, Sep Average, Indonesia, IDN
31.0, 1945, Oct Average, Indonesia, IDN
30.9, 1945, Nov Average, Indonesia, IDN
30.4, 1945, Dec Average, Indonesia, IDN
30.4, 1946, Jan Average, Indonesia, IDN
30.2, 1946, Feb Average, Indonesia, IDN
30.5, 1946, Mar Average, Indonesia, IDN
30.7, 1946, Apr Average, Indonesia, IDN
30.6, 1946, May Average, Indonesia, IDN
30.4, 1946, Jun Average, Indonesia, IDN
30.4, 1946, Jul Average, Indonesia, IDN
30.8, 1946, Aug Average, Indonesia, IDN
30.6, 1946, Sep Average, Indonesia, IDN
31.1, 1946, Oct Average, Indonesia, IDN
30.9, 1946, Nov Average, Indonesia, IDN
30.5, 1946, Dec Average, Indonesia, IDN
30.5, 1947, Jan Average, Indonesia, IDN
30.5, 1947, Feb Average, Indonesia, IDN
30.4, 1947, Mar Average, Indonesia, IDN
30.6, 1947, Apr Average, Indonesia, IDN
30.9, 1947, May Average, Indonesia, IDN
30.5, 1947, Jun Average, Indonesia, IDN
30.2, 1947, Jul Average, Indonesia, IDN
30.5, 1947, Aug Average, Indonesia, IDN
30.7, 1947, Sep Average, Indonesia, IDN
31.1, 1947, Oct Average, Indonesia, IDN
30.9, 1947, Nov Average, Indonesia, IDN
30.6, 1947, Dec Average, Indonesia, IDN
29.6, 1948, Jan Average, Indonesia, IDN
30.3, 1948, Feb Average, Indonesia, IDN
30.6, 1948, Mar Average, Indonesia, IDN
31.0, 1948, Apr Average, Indonesia, IDN
31.1, 1948, May Average, Indonesia, IDN
30.7, 1948, Jun Average, Indonesia, IDN
30.3, 1948, Jul Average, Indonesia, IDN
30.5, 1948, Aug Average, Indonesia, IDN
30.9, 1948, Sep Average, Indonesia, IDN
31.3, 1948, Oct Average, Indonesia, IDN
31.0, 1948, Nov Average, Indonesia, IDN
30.7, 1948, Dec Average, Indonesia, IDN
30.4, 1949, Jan Average, Indonesia, IDN
30.4, 1949, Feb Average, Indonesia, IDN
30.6, 1949, Mar Average, Indonesia, IDN
30.6, 1949, Apr Average, Indonesia, IDN
30.7, 1949, May Average, Indonesia, IDN
30.3, 1949, Jun Average, Indonesia, IDN
30.1, 1949, Jul Average, Indonesia, IDN
30.4, 1949, Aug Average, Indonesia, IDN
30.7, 1949, Sep Average, Indonesia, IDN
31.1, 1949, Oct Average, Indonesia, IDN
31.0, 1949, Nov Average, Indonesia, IDN
30.6, 1949, Dec Average, Indonesia, IDN
30.5, 1950, Jan Average, Indonesia, IDN
30.3, 1950, Feb Average, Indonesia, IDN
30.8, 1950, Mar Average, Indonesia, IDN
30.7, 1950, Apr Average, Indonesia, IDN
30.8, 1950, May Average, Indonesia, IDN
30.6, 1950, Jun Average, Indonesia, IDN
30.2, 1950, Jul Average, Indonesia, IDN
30.3, 1950, Aug Average, Indonesia, IDN
30.8, 1950, Sep Average, Indonesia, IDN
30.9, 1950, Oct Average, Indonesia, IDN
30.7, 1950, Nov Average, Indonesia, IDN
30.3, 1950, Dec Average, Indonesia, IDN
30.0, 1951, Jan Average, Indonesia, IDN
30.0, 1951, Feb Average, Indonesia, IDN
30.5, 1951, Mar Average, Indonesia, IDN
30.8, 1951, Apr Average, Indonesia, IDN
30.6, 1951, May Average, Indonesia, IDN
30.6, 1951, Jun Average, Indonesia, IDN
30.0, 1951, Jul Average, Indonesia, IDN
30.5, 1951, Aug Average, Indonesia, IDN
30.7, 1951, Sep Average, Indonesia, IDN
31.1, 1951, Oct Average, Indonesia, IDN
31.4, 1951, Nov Average, Indonesia, IDN
30.6, 1951, Dec Average, Indonesia, IDN
30.4, 1952, Jan Average, Indonesia, IDN
30.6, 1952, Feb Average, Indonesia, IDN
30.4, 1952, Mar Average, Indonesia, IDN
30.9, 1952, Apr Average, Indonesia, IDN
30.7, 1952, May Average, Indonesia, IDN
30.5, 1952, Jun Average, Indonesia, IDN
30.2, 1952, Jul Average, Indonesia, IDN
30.4, 1952, Aug Average, Indonesia, IDN
30.8, 1952, Sep Average, Indonesia, IDN
31.0, 1952, Oct Average, Indonesia, IDN
30.5, 1952, Nov Average, Indonesia, IDN
30.4, 1952, Dec Average, Indonesia, IDN
30.3, 1953, Jan Average, Indonesia, IDN
30.2, 1953, Feb Average, Indonesia, IDN
30.6, 1953, Mar Average, Indonesia, IDN
30.9, 1953, Apr Average, Indonesia, IDN
30.7, 1953, May Average, Indonesia, IDN
30.6, 1953, Jun Average, Indonesia, IDN
30.0, 1953, Jul Average, Indonesia, IDN
30.6, 1953, Aug Average, Indonesia, IDN
30.8, 1953, Sep Average, Indonesia, IDN
31.4, 1953, Oct Average, Indonesia, IDN
30.9, 1953, Nov Average, Indonesia, IDN
30.8, 1953, Dec Average, Indonesia, IDN
30.5, 1954, Jan Average, Indonesia, IDN
30.5, 1954, Feb Average, Indonesia, IDN
30.7, 1954, Mar Average, Indonesia, IDN
30.9, 1954, Apr Average, Indonesia, IDN
30.9, 1954, May Average, Indonesia, IDN
30.4, 1954, Jun Average, Indonesia, IDN
30.1, 1954, Jul Average, Indonesia, IDN
30.4, 1954, Aug Average, Indonesia, IDN
30.7, 1954, Sep Average, Indonesia, IDN
30.7, 1954, Oct Average, Indonesia, IDN
30.3, 1954, Nov Average, Indonesia, IDN
30.3, 1954, Dec Average, Indonesia, IDN
30.2, 1955, Jan Average, Indonesia, IDN
30.2, 1955, Feb Average, Indonesia, IDN
30.5, 1955, Mar Average, Indonesia, IDN
30.7, 1955, Apr Average, Indonesia, IDN
31.0, 1955, May Average, Indonesia, IDN
30.4, 1955, Jun Average, Indonesia, IDN
30.1, 1955, Jul Average, Indonesia, IDN
30.3, 1955, Aug Average, Indonesia, IDN
30.7, 1955, Sep Average, Indonesia, IDN
31.1, 1955, Oct Average, Indonesia, IDN
30.4, 1955, Nov Average, Indonesia, IDN
30.3, 1955, Dec Average, Indonesia, IDN
29.8, 1956, Jan Average, Indonesia, IDN
30.2, 1956, Feb Average, Indonesia, IDN
30.5, 1956, Mar Average, Indonesia, IDN
30.9, 1956, Apr Average, Indonesia, IDN
30.7, 1956, May Average, Indonesia, IDN
30.2, 1956, Jun Average, Indonesia, IDN
30.0, 1956, Jul Average, Indonesia, IDN
30.3, 1956, Aug Average, Indonesia, IDN
30.5, 1956, Sep Average, Indonesia, IDN
30.8, 1956, Oct Average, Indonesia, IDN
30.5, 1956, Nov Average, Indonesia, IDN
29.9, 1956, Dec Average, Indonesia, IDN
30.0, 1957, Jan Average, Indonesia, IDN
30.2, 1957, Feb Average, Indonesia, IDN
30.4, 1957, Mar Average, Indonesia, IDN
31.0, 1957, Apr Average, Indonesia, IDN
30.8, 1957, May Average, Indonesia, IDN
30.7, 1957, Jun Average, Indonesia, IDN
30.3, 1957, Jul Average, Indonesia, IDN
30.5, 1957, Aug Average, Indonesia, IDN
30.6, 1957, Sep Average, Indonesia, IDN
31.3, 1957, Oct Average, Indonesia, IDN
31.1, 1957, Nov Average, Indonesia, IDN
30.5, 1957, Dec Average, Indonesia, IDN
30.7, 1958, Jan Average, Indonesia, IDN
30.5, 1958, Feb Average, Indonesia, IDN
30.9, 1958, Mar Average, Indonesia, IDN
31.3, 1958, Apr Average, Indonesia, IDN
31.2, 1958, May Average, Indonesia, IDN
30.8, 1958, Jun Average, Indonesia, IDN
30.5, 1958, Jul Average, Indonesia, IDN
30.5, 1958, Aug Average, Indonesia, IDN
30.9, 1958, Sep Average, Indonesia, IDN
31.1, 1958, Oct Average, Indonesia, IDN
30.5, 1958, Nov Average, Indonesia, IDN
30.4, 1958, Dec Average, Indonesia, IDN
30.1, 1959, Jan Average, Indonesia, IDN
30.6, 1959, Feb Average, Indonesia, IDN
30.4, 1959, Mar Average, Indonesia, IDN
30.7, 1959, Apr Average, Indonesia, IDN
30.9, 1959, May Average, Indonesia, IDN
30.1, 1959, Jun Average, Indonesia, IDN
30.0, 1959, Jul Average, Indonesia, IDN
30.2, 1959, Aug Average, Indonesia, IDN
30.6, 1959, Sep Average, Indonesia, IDN
31.2, 1959, Oct Average, Indonesia, IDN
30.9, 1959, Nov Average, Indonesia, IDN
30.5, 1959, Dec Average, Indonesia, IDN
30.0, 1960, Jan Average, Indonesia, IDN
30.1, 1960, Feb Average, Indonesia, IDN
30.6, 1960, Mar Average, Indonesia, IDN
30.7, 1960, Apr Average, Indonesia, IDN
30.7, 1960, May Average, Indonesia, IDN
30.3, 1960, Jun Average, Indonesia, IDN
30.0, 1960, Jul Average, Indonesia, IDN
30.7, 1960, Aug Average, Indonesia, IDN
30.8, 1960, Sep Average, Indonesia, IDN
31.3, 1960, Oct Average, Indonesia, IDN
30.7, 1960, Nov Average, Indonesia, IDN
30.7, 1960, Dec Average, Indonesia, IDN
29.9, 1961, Jan Average, Indonesia, IDN
30.3, 1961, Feb Average, Indonesia, IDN
30.6, 1961, Mar Average, Indonesia, IDN
30.7, 1961, Apr Average, Indonesia, IDN
30.7, 1961, May Average, Indonesia, IDN
30.1, 1961, Jun Average, Indonesia, IDN
30.0, 1961, Jul Average, Indonesia, IDN
30.2, 1961, Aug Average, Indonesia, IDN
30.5, 1961, Sep Average, Indonesia, IDN
31.0, 1961, Oct Average, Indonesia, IDN
30.9, 1961, Nov Average, Indonesia, IDN
30.5, 1961, Dec Average, Indonesia, IDN
29.7, 1962, Jan Average, Indonesia, IDN
29.7, 1962, Feb Average, Indonesia, IDN
30.1, 1962, Mar Average, Indonesia, IDN
30.5, 1962, Apr Average, Indonesia, IDN
30.6, 1962, May Average, Indonesia, IDN
30.3, 1962, Jun Average, Indonesia, IDN
30.2, 1962, Jul Average, Indonesia, IDN
30.0, 1962, Aug Average, Indonesia, IDN
30.5, 1962, Sep Average, Indonesia, IDN
30.9, 1962, Oct Average, Indonesia, IDN
30.8, 1962, Nov Average, Indonesia, IDN
30.2, 1962, Dec Average, Indonesia, IDN
29.3, 1963, Jan Average, Indonesia, IDN
29.7, 1963, Feb Average, Indonesia, IDN
30.1, 1963, Mar Average, Indonesia, IDN
31.0, 1963, Apr Average, Indonesia, IDN
30.7, 1963, May Average, Indonesia, IDN
30.6, 1963, Jun Average, Indonesia, IDN
30.1, 1963, Jul Average, Indonesia, IDN
30.2, 1963, Aug Average, Indonesia, IDN
30.7, 1963, Sep Average, Indonesia, IDN
31.2, 1963, Oct Average, Indonesia, IDN
31.2, 1963, Nov Average, Indonesia, IDN
30.7, 1963, Dec Average, Indonesia, IDN
30.6, 1964, Jan Average, Indonesia, IDN
30.4, 1964, Feb Average, Indonesia, IDN
30.3, 1964, Mar Average, Indonesia, IDN
30.7, 1964, Apr Average, Indonesia, IDN
30.8, 1964, May Average, Indonesia, IDN
30.3, 1964, Jun Average, Indonesia, IDN
29.9, 1964, Jul Average, Indonesia, IDN
30.3, 1964, Aug Average, Indonesia, IDN
30.6, 1964, Sep Average, Indonesia, IDN
30.6, 1964, Oct Average, Indonesia, IDN
30.3, 1964, Nov Average, Indonesia, IDN
30.1, 1964, Dec Average, Indonesia, IDN
29.6, 1965, Jan Average, Indonesia, IDN
30.2, 1965, Feb Average, Indonesia, IDN
30.1, 1965, Mar Average, Indonesia, IDN
30.4, 1965, Apr Average, Indonesia, IDN
30.5, 1965, May Average, Indonesia, IDN
30.4, 1965, Jun Average, Indonesia, IDN
30.0, 1965, Jul Average, Indonesia, IDN
30.3, 1965, Aug Average, Indonesia, IDN
30.7, 1965, Sep Average, Indonesia, IDN
31.2, 1965, Oct Average, Indonesia, IDN
31.3, 1965, Nov Average, Indonesia, IDN
30.6, 1965, Dec Average, Indonesia, IDN
30.2, 1966, Jan Average, Indonesia, IDN
30.4, 1966, Feb Average, Indonesia, IDN
30.6, 1966, Mar Average, Indonesia, IDN
31.0, 1966, Apr Average, Indonesia, IDN
30.9, 1966, May Average, Indonesia, IDN
30.3, 1966, Jun Average, Indonesia, IDN
30.0, 1966, Jul Average, Indonesia, IDN
30.3, 1966, Aug Average, Indonesia, IDN
30.9, 1966, Sep Average, Indonesia, IDN
30.9, 1966, Oct Average, Indonesia, IDN
30.8, 1966, Nov Average, Indonesia, IDN
30.4, 1966, Dec Average, Indonesia, IDN
29.9, 1967, Jan Average, Indonesia, IDN
29.9, 1967, Feb Average, Indonesia, IDN
30.2, 1967, Mar Average, Indonesia, IDN
30.6, 1967, Apr Average, Indonesia, IDN
30.6, 1967, May Average, Indonesia, IDN
30.3, 1967, Jun Average, Indonesia, IDN
30.0, 1967, Jul Average, Indonesia, IDN
30.5, 1967, Aug Average, Indonesia, IDN
30.7, 1967, Sep Average, Indonesia, IDN
31.1, 1967, Oct Average, Indonesia, IDN
30.8, 1967, Nov Average, Indonesia, IDN
30.2, 1967, Dec Average, Indonesia, IDN
29.9, 1968, Jan Average, Indonesia, IDN
30.0, 1968, Feb Average, Indonesia, IDN
30.5, 1968, Mar Average, Indonesia, IDN
30.7, 1968, Apr Average, Indonesia, IDN
30.7, 1968, May Average, Indonesia, IDN
30.5, 1968, Jun Average, Indonesia, IDN
30.0, 1968, Jul Average, Indonesia, IDN
30.2, 1968, Aug Average, Indonesia, IDN
30.8, 1968, Sep Average, Indonesia, IDN
30.9, 1968, Oct Average, Indonesia, IDN
30.9, 1968, Nov Average, Indonesia, IDN
30.4, 1968, Dec Average, Indonesia, IDN
30.6, 1969, Jan Average, Indonesia, IDN
30.6, 1969, Feb Average, Indonesia, IDN
30.9, 1969, Mar Average, Indonesia, IDN
31.1, 1969, Apr Average, Indonesia, IDN
31.1, 1969, May Average, Indonesia, IDN
30.4, 1969, Jun Average, Indonesia, IDN
30.2, 1969, Jul Average, Indonesia, IDN
30.4, 1969, Aug Average, Indonesia, IDN
30.8, 1969, Sep Average, Indonesia, IDN
31.2, 1969, Oct Average, Indonesia, IDN
30.9, 1969, Nov Average, Indonesia, IDN
30.3, 1969, Dec Average, Indonesia, IDN
30.4, 1970, Jan Average, Indonesia, IDN
30.6, 1970, Feb Average, Indonesia, IDN
31.0, 1970, Mar Average, Indonesia, IDN
30.9, 1970, Apr Average, Indonesia, IDN
30.9, 1970, May Average, Indonesia, IDN
30.5, 1970, Jun Average, Indonesia, IDN
30.0, 1970, Jul Average, Indonesia, IDN
30.4, 1970, Aug Average, Indonesia, IDN
30.7, 1970, Sep Average, Indonesia, IDN
31.1, 1970, Oct Average, Indonesia, IDN
30.8, 1970, Nov Average, Indonesia, IDN
30.3, 1970, Dec Average, Indonesia, IDN
29.8, 1971, Jan Average, Indonesia, IDN
29.8, 1971, Feb Average, Indonesia, IDN
30.3, 1971, Mar Average, Indonesia, IDN
30.8, 1971, Apr Average, Indonesia, IDN
30.9, 1971, May Average, Indonesia, IDN
30.3, 1971, Jun Average, Indonesia, IDN
30.1, 1971, Jul Average, Indonesia, IDN
30.2, 1971, Aug Average, Indonesia, IDN
30.9, 1971, Sep Average, Indonesia, IDN
30.9, 1971, Oct Average, Indonesia, IDN
30.5, 1971, Nov Average, Indonesia, IDN
30.3, 1971, Dec Average, Indonesia, IDN
29.8, 1972, Jan Average, Indonesia, IDN
30.5, 1972, Feb Average, Indonesia, IDN
30.3, 1972, Mar Average, Indonesia, IDN
30.8, 1972, Apr Average, Indonesia, IDN
31.0, 1972, May Average, Indonesia, IDN
30.5, 1972, Jun Average, Indonesia, IDN
30.8, 1972, Jul Average, Indonesia, IDN
30.8, 1972, Aug Average, Indonesia, IDN
30.9, 1972, Sep Average, Indonesia, IDN
31.6, 1972, Oct Average, Indonesia, IDN
31.5, 1972, Nov Average, Indonesia, IDN
31.2, 1972, Dec Average, Indonesia, IDN
30.7, 1973, Jan Average, Indonesia, IDN
30.9, 1973, Feb Average, Indonesia, IDN
30.7, 1973, Mar Average, Indonesia, IDN
31.1, 1973, Apr Average, Indonesia, IDN
30.9, 1973, May Average, Indonesia, IDN
30.8, 1973, Jun Average, Indonesia, IDN
30.6, 1973, Jul Average, Indonesia, IDN
30.8, 1973, Aug Average, Indonesia, IDN
30.7, 1973, Sep Average, Indonesia, IDN
31.4, 1973, Oct Average, Indonesia, IDN
30.8, 1973, Nov Average, Indonesia, IDN
30.3, 1973, Dec Average, Indonesia, IDN
29.9, 1974, Jan Average, Indonesia, IDN
29.9, 1974, Feb Average, Indonesia, IDN
30.5, 1974, Mar Average, Indonesia, IDN
31.0, 1974, Apr Average, Indonesia, IDN
30.8, 1974, May Average, Indonesia, IDN
30.4, 1974, Jun Average, Indonesia, IDN
30.1, 1974, Jul Average, Indonesia, IDN
30.8, 1974, Aug Average, Indonesia, IDN
30.9, 1974, Sep Average, Indonesia, IDN
31.2, 1974, Oct Average, Indonesia, IDN
30.9, 1974, Nov Average, Indonesia, IDN
30.5, 1974, Dec Average, Indonesia, IDN
30.4, 1975, Jan Average, Indonesia, IDN
30.2, 1975, Feb Average, Indonesia, IDN
30.3, 1975, Mar Average, Indonesia, IDN
31.0, 1975, Apr Average, Indonesia, IDN
30.9, 1975, May Average, Indonesia, IDN
30.4, 1975, Jun Average, Indonesia, IDN
30.3, 1975, Jul Average, Indonesia, IDN
30.9, 1975, Aug Average, Indonesia, IDN
30.7, 1975, Sep Average, Indonesia, IDN
31.1, 1975, Oct Average, Indonesia, IDN
30.7, 1975, Nov Average, Indonesia, IDN
30.3, 1975, Dec Average, Indonesia, IDN
29.5, 1976, Jan Average, Indonesia, IDN
30.1, 1976, Feb Average, Indonesia, IDN
30.2, 1976, Mar Average, Indonesia, IDN
30.7, 1976, Apr Average, Indonesia, IDN
30.9, 1976, May Average, Indonesia, IDN
30.3, 1976, Jun Average, Indonesia, IDN
30.2, 1976, Jul Average, Indonesia, IDN
30.4, 1976, Aug Average, Indonesia, IDN
30.9, 1976, Sep Average, Indonesia, IDN
31.0, 1976, Oct Average, Indonesia, IDN
30.8, 1976, Nov Average, Indonesia, IDN
30.7, 1976, Dec Average, Indonesia, IDN
30.1, 1977, Jan Average, Indonesia, IDN
29.7, 1977, Feb Average, Indonesia, IDN
30.1, 1977, Mar Average, Indonesia, IDN
30.9, 1977, Apr Average, Indonesia, IDN
30.9, 1977, May Average, Indonesia, IDN
30.2, 1977, Jun Average, Indonesia, IDN
30.2, 1977, Jul Average, Indonesia, IDN
30.2, 1977, Aug Average, Indonesia, IDN
30.9, 1977, Sep Average, Indonesia, IDN
31.3, 1977, Oct Average, Indonesia, IDN
31.0, 1977, Nov Average, Indonesia, IDN
30.6, 1977, Dec Average, Indonesia, IDN
30.2, 1978, Jan Average, Indonesia, IDN
30.4, 1978, Feb Average, Indonesia, IDN
30.5, 1978, Mar Average, Indonesia, IDN
30.9, 1978, Apr Average, Indonesia, IDN
31.0, 1978, May Average, Indonesia, IDN
30.4, 1978, Jun Average, Indonesia, IDN
30.1, 1978, Jul Average, Indonesia, IDN
30.5, 1978, Aug Average, Indonesia, IDN
30.5, 1978, Sep Average, Indonesia, IDN
31.1, 1978, Oct Average, Indonesia, IDN
30.7, 1978, Nov Average, Indonesia, IDN
30.3, 1978, Dec Average, Indonesia, IDN
30.4, 1979, Jan Average, Indonesia, IDN
30.8, 1979, Feb Average, Indonesia, IDN
30.7, 1979, Mar Average, Indonesia, IDN
30.8, 1979, Apr Average, Indonesia, IDN
31.1, 1979, May Average, Indonesia, IDN
30.4, 1979, Jun Average, Indonesia, IDN
30.3, 1979, Jul Average, Indonesia, IDN
30.8, 1979, Aug Average, Indonesia, IDN
30.7, 1979, Sep Average, Indonesia, IDN
31.4, 1979, Oct Average, Indonesia, IDN
30.9, 1979, Nov Average, Indonesia, IDN
30.4, 1979, Dec Average, Indonesia, IDN
30.2, 1980, Jan Average, Indonesia, IDN
30.3, 1980, Feb Average, Indonesia, IDN
30.7, 1980, Mar Average, Indonesia, IDN
30.8, 1980, Apr Average, Indonesia, IDN
31.2, 1980, May Average, Indonesia, IDN
30.6, 1980, Jun Average, Indonesia, IDN
30.6, 1980, Jul Average, Indonesia, IDN
30.3, 1980, Aug Average, Indonesia, IDN
31.0, 1980, Sep Average, Indonesia, IDN
31.3, 1980, Oct Average, Indonesia, IDN
31.0, 1980, Nov Average, Indonesia, IDN
30.3, 1980, Dec Average, Indonesia, IDN
29.9, 1981, Jan Average, Indonesia, IDN
30.2, 1981, Feb Average, Indonesia, IDN
30.7, 1981, Mar Average, Indonesia, IDN
30.8, 1981, Apr Average, Indonesia, IDN
31.0, 1981, May Average, Indonesia, IDN
30.9, 1981, Jun Average, Indonesia, IDN
30.6, 1981, Jul Average, Indonesia, IDN
31.4, 1981, Aug Average, Indonesia, IDN
30.8, 1981, Sep Average, Indonesia, IDN
31.3, 1981, Oct Average, Indonesia, IDN
31.1, 1981, Nov Average, Indonesia, IDN
30.4, 1981, Dec Average, Indonesia, IDN
30.1, 1982, Jan Average, Indonesia, IDN
30.5, 1982, Feb Average, Indonesia, IDN
30.6, 1982, Mar Average, Indonesia, IDN
30.8, 1982, Apr Average, Indonesia, IDN
30.9, 1982, May Average, Indonesia, IDN
30.7, 1982, Jun Average, Indonesia, IDN
30.5, 1982, Jul Average, Indonesia, IDN
30.7, 1982, Aug Average, Indonesia, IDN
31.1, 1982, Sep Average, Indonesia, IDN
31.3, 1982, Oct Average, Indonesia, IDN
31.5, 1982, Nov Average, Indonesia, IDN
31.2, 1982, Dec Average, Indonesia, IDN
30.5, 1983, Jan Average, Indonesia, IDN
31.2, 1983, Feb Average, Indonesia, IDN
31.4, 1983, Mar Average, Indonesia, IDN
31.5, 1983, Apr Average, Indonesia, IDN
31.0, 1983, May Average, Indonesia, IDN
30.8, 1983, Jun Average, Indonesia, IDN
30.4, 1983, Jul Average, Indonesia, IDN
30.7, 1983, Aug Average, Indonesia, IDN
30.9, 1983, Sep Average, Indonesia, IDN
31.3, 1983, Oct Average, Indonesia, IDN
30.8, 1983, Nov Average, Indonesia, IDN
30.3, 1983, Dec Average, Indonesia, IDN
29.9, 1984, Jan Average, Indonesia, IDN
29.7, 1984, Feb Average, Indonesia, IDN
30.3, 1984, Mar Average, Indonesia, IDN
30.5, 1984, Apr Average, Indonesia, IDN
30.5, 1984, May Average, Indonesia, IDN
30.2, 1984, Jun Average, Indonesia, IDN
29.9, 1984, Jul Average, Indonesia, IDN
30.6, 1984, Aug Average, Indonesia, IDN
30.3, 1984, Sep Average, Indonesia, IDN
30.9, 1984, Oct Average, Indonesia, IDN
30.7, 1984, Nov Average, Indonesia, IDN
30.3, 1984, Dec Average, Indonesia, IDN
30.4, 1985, Jan Average, Indonesia, IDN
30.6, 1985, Feb Average, Indonesia, IDN
30.5, 1985, Mar Average, Indonesia, IDN
30.7, 1985, Apr Average, Indonesia, IDN
30.9, 1985, May Average, Indonesia, IDN
30.6, 1985, Jun Average, Indonesia, IDN
30.0, 1985, Jul Average, Indonesia, IDN
30.5, 1985, Aug Average, Indonesia, IDN
30.6, 1985, Sep Average, Indonesia, IDN
31.0, 1985, Oct Average, Indonesia, IDN
30.9, 1985, Nov Average, Indonesia, IDN
30.6, 1985, Dec Average, Indonesia, IDN
29.8, 1986, Jan Average, Indonesia, IDN
30.5, 1986, Feb Average, Indonesia, IDN
30.4, 1986, Mar Average, Indonesia, IDN
30.8, 1986, Apr Average, Indonesia, IDN
31.3, 1986, May Average, Indonesia, IDN
30.6, 1986, Jun Average, Indonesia, IDN
30.5, 1986, Jul Average, Indonesia, IDN
30.8, 1986, Aug Average, Indonesia, IDN
30.9, 1986, Sep Average, Indonesia, IDN
31.0, 1986, Oct Average, Indonesia, IDN
30.7, 1986, Nov Average, Indonesia, IDN
30.7, 1986, Dec Average, Indonesia, IDN
30.0, 1987, Jan Average, Indonesia, IDN
30.4, 1987, Feb Average, Indonesia, IDN
31.0, 1987, Mar Average, Indonesia, IDN
31.1, 1987, Apr Average, Indonesia, IDN
31.1, 1987, May Average, Indonesia, IDN
31.1, 1987, Jun Average, Indonesia, IDN
30.8, 1987, Jul Average, Indonesia, IDN
30.7, 1987, Aug Average, Indonesia, IDN
31.1, 1987, Sep Average, Indonesia, IDN
31.4, 1987, Oct Average, Indonesia, IDN
31.4, 1987, Nov Average, Indonesia, IDN
30.6, 1987, Dec Average, Indonesia, IDN
30.6, 1988, Jan Average, Indonesia, IDN
30.7, 1988, Feb Average, Indonesia, IDN
30.9, 1988, Mar Average, Indonesia, IDN
31.1, 1988, Apr Average, Indonesia, IDN
31.1, 1988, May Average, Indonesia, IDN
30.7, 1988, Jun Average, Indonesia, IDN
30.3, 1988, Jul Average, Indonesia, IDN
30.4, 1988, Aug Average, Indonesia, IDN
30.6, 1988, Sep Average, Indonesia, IDN
31.3, 1988, Oct Average, Indonesia, IDN
30.7, 1988, Nov Average, Indonesia, IDN
30.0, 1988, Dec Average, Indonesia, IDN
30.3, 1989, Jan Average, Indonesia, IDN
30.0, 1989, Feb Average, Indonesia, IDN
30.3, 1989, Mar Average, Indonesia, IDN
30.8, 1989, Apr Average, Indonesia, IDN
30.8, 1989, May Average, Indonesia, IDN
30.4, 1989, Jun Average, Indonesia, IDN
30.5, 1989, Jul Average, Indonesia, IDN
30.5, 1989, Aug Average, Indonesia, IDN
30.8, 1989, Sep Average, Indonesia, IDN
31.0, 1989, Oct Average, Indonesia, IDN
30.9, 1989, Nov Average, Indonesia, IDN
30.6, 1989, Dec Average, Indonesia, IDN
30.1, 1990, Jan Average, Indonesia, IDN
30.7, 1990, Feb Average, Indonesia, IDN
31.0, 1990, Mar Average, Indonesia, IDN
31.4, 1990, Apr Average, Indonesia, IDN
31.1, 1990, May Average, Indonesia, IDN
30.8, 1990, Jun Average, Indonesia, IDN
30.5, 1990, Jul Average, Indonesia, IDN
30.9, 1990, Aug Average, Indonesia, IDN
30.9, 1990, Sep Average, Indonesia, IDN
31.4, 1990, Oct Average, Indonesia, IDN
31.3, 1990, Nov Average, Indonesia, IDN
30.8, 1990, Dec Average, Indonesia, IDN
30.3, 1991, Jan Average, Indonesia, IDN
30.5, 1991, Feb Average, Indonesia, IDN
30.9, 1991, Mar Average, Indonesia, IDN
31.1, 1991, Apr Average, Indonesia, IDN
30.9, 1991, May Average, Indonesia, IDN
31.0, 1991, Jun Average, Indonesia, IDN
30.6, 1991, Jul Average, Indonesia, IDN
30.8, 1991, Aug Average, Indonesia, IDN
31.0, 1991, Sep Average, Indonesia, IDN
31.2, 1991, Oct Average, Indonesia, IDN
30.8, 1991, Nov Average, Indonesia, IDN
30.5, 1991, Dec Average, Indonesia, IDN
30.3, 1992, Jan Average, Indonesia, IDN
30.7, 1992, Feb Average, Indonesia, IDN
31.1, 1992, Mar Average, Indonesia, IDN
31.2, 1992, Apr Average, Indonesia, IDN
31.0, 1992, May Average, Indonesia, IDN
30.7, 1992, Jun Average, Indonesia, IDN
30.3, 1992, Jul Average, Indonesia, IDN
31.0, 1992, Aug Average, Indonesia, IDN
31.1, 1992, Sep Average, Indonesia, IDN
31.0, 1992, Oct Average, Indonesia, IDN
30.8, 1992, Nov Average, Indonesia, IDN
30.3, 1992, Dec Average, Indonesia, IDN
30.2, 1993, Jan Average, Indonesia, IDN
30.4, 1993, Feb Average, Indonesia, IDN
30.6, 1993, Mar Average, Indonesia, IDN
30.9, 1993, Apr Average, Indonesia, IDN
30.8, 1993, May Average, Indonesia, IDN
30.8, 1993, Jun Average, Indonesia, IDN
30.5, 1993, Jul Average, Indonesia, IDN
30.9, 1993, Aug Average, Indonesia, IDN
30.7, 1993, Sep Average, Indonesia, IDN
31.1, 1993, Oct Average, Indonesia, IDN
31.2, 1993, Nov Average, Indonesia, IDN
30.7, 1993, Dec Average, Indonesia, IDN
30.4, 1994, Jan Average, Indonesia, IDN
30.7, 1994, Feb Average, Indonesia, IDN
30.3, 1994, Mar Average, Indonesia, IDN
30.9, 1994, Apr Average, Indonesia, IDN
30.8, 1994, May Average, Indonesia, IDN
30.5, 1994, Jun Average, Indonesia, IDN
30.6, 1994, Jul Average, Indonesia, IDN
30.6, 1994, Aug Average, Indonesia, IDN
31.0, 1994, Sep Average, Indonesia, IDN
31.2, 1994, Oct Average, Indonesia, IDN
31.1, 1994, Nov Average, Indonesia, IDN
30.9, 1994, Dec Average, Indonesia, IDN
30.3, 1995, Jan Average, Indonesia, IDN
30.3, 1995, Feb Average, Indonesia, IDN
30.5, 1995, Mar Average, Indonesia, IDN
31.0, 1995, Apr Average, Indonesia, IDN
31.0, 1995, May Average, Indonesia, IDN
30.9, 1995, Jun Average, Indonesia, IDN
30.5, 1995, Jul Average, Indonesia, IDN
30.5, 1995, Aug Average, Indonesia, IDN
31.0, 1995, Sep Average, Indonesia, IDN
31.4, 1995, Oct Average, Indonesia, IDN
31.0, 1995, Nov Average, Indonesia, IDN
30.4, 1995, Dec Average, Indonesia, IDN
30.0, 1996, Jan Average, Indonesia, IDN
30.1, 1996, Feb Average, Indonesia, IDN
30.7, 1996, Mar Average, Indonesia, IDN
30.9, 1996, Apr Average, Indonesia, IDN
31.1, 1996, May Average, Indonesia, IDN
30.6, 1996, Jun Average, Indonesia, IDN
30.8, 1996, Jul Average, Indonesia, IDN
30.7, 1996, Aug Average, Indonesia, IDN
31.3, 1996, Sep Average, Indonesia, IDN
31.2, 1996, Oct Average, Indonesia, IDN
31.2, 1996, Nov Average, Indonesia, IDN
30.6, 1996, Dec Average, Indonesia, IDN
30.3, 1997, Jan Average, Indonesia, IDN
30.4, 1997, Feb Average, Indonesia, IDN
31.0, 1997, Mar Average, Indonesia, IDN
30.9, 1997, Apr Average, Indonesia, IDN
31.1, 1997, May Average, Indonesia, IDN
31.1, 1997, Jun Average, Indonesia, IDN
30.5, 1997, Jul Average, Indonesia, IDN
31.0, 1997, Aug Average, Indonesia, IDN
30.9, 1997, Sep Average, Indonesia, IDN
31.4, 1997, Oct Average, Indonesia, IDN
31.3, 1997, Nov Average, Indonesia, IDN
31.1, 1997, Dec Average, Indonesia, IDN
30.9, 1998, Jan Average, Indonesia, IDN
31.2, 1998, Feb Average, Indonesia, IDN
31.4, 1998, Mar Average, Indonesia, IDN
31.5, 1998, Apr Average, Indonesia, IDN
31.6, 1998, May Average, Indonesia, IDN
30.9, 1998, Jun Average, Indonesia, IDN
30.7, 1998, Jul Average, Indonesia, IDN
30.7, 1998, Aug Average, Indonesia, IDN
31.3, 1998, Sep Average, Indonesia, IDN
31.5, 1998, Oct Average, Indonesia, IDN
31.4, 1998, Nov Average, Indonesia, IDN
30.7, 1998, Dec Average, Indonesia, IDN
30.3, 1999, Jan Average, Indonesia, IDN
30.4, 1999, Feb Average, Indonesia, IDN
30.7, 1999, Mar Average, Indonesia, IDN
31.2, 1999, Apr Average, Indonesia, IDN
30.6, 1999, May Average, Indonesia, IDN
30.8, 1999, Jun Average, Indonesia, IDN
30.5, 1999, Jul Average, Indonesia, IDN
30.7, 1999, Aug Average, Indonesia, IDN
31.1, 1999, Sep Average, Indonesia, IDN
31.1, 1999, Oct Average, Indonesia, IDN
31.2, 1999, Nov Average, Indonesia, IDN
30.4, 1999, Dec Average, Indonesia, IDN
30.2, 2000, Jan Average, Indonesia, IDN
30.4, 2000, Feb Average, Indonesia, IDN
30.8, 2000, Mar Average, Indonesia, IDN
30.9, 2000, Apr Average, Indonesia, IDN
31.2, 2000, May Average, Indonesia, IDN
30.3, 2000, Jun Average, Indonesia, IDN
30.8, 2000, Jul Average, Indonesia, IDN
30.8, 2000, Aug Average, Indonesia, IDN
31.1, 2000, Sep Average, Indonesia, IDN
31.3, 2000, Oct Average, Indonesia, IDN
31.1, 2000, Nov Average, Indonesia, IDN
30.9, 2000, Dec Average, Indonesia, IDN
30.2, 2001, Jan Average, Indonesia, IDN
30.5, 2001, Feb Average, Indonesia, IDN
30.8, 2001, Mar Average, Indonesia, IDN
31.0, 2001, Apr Average, Indonesia, IDN
31.2, 2001, May Average, Indonesia, IDN
30.7, 2001, Jun Average, Indonesia, IDN
30.9, 2001, Jul Average, Indonesia, IDN
31.0, 2001, Aug Average, Indonesia, IDN
31.0, 2001, Sep Average, Indonesia, IDN
31.3, 2001, Oct Average, Indonesia, IDN
31.1, 2001, Nov Average, Indonesia, IDN
30.8, 2001, Dec Average, Indonesia, IDN
30.5, 2002, Jan Average, Indonesia, IDN
30.6, 2002, Feb Average, Indonesia, IDN
31.0, 2002, Mar Average, Indonesia, IDN
31.2, 2002, Apr Average, Indonesia, IDN
31.5, 2002, May Average, Indonesia, IDN
30.9, 2002, Jun Average, Indonesia, IDN
31.0, 2002, Jul Average, Indonesia, IDN
30.9, 2002, Aug Average, Indonesia, IDN
31.1, 2002, Sep Average, Indonesia, IDN
31.6, 2002, Oct Average, Indonesia, IDN
31.4, 2002, Nov Average, Indonesia, IDN
31.2, 2002, Dec Average, Indonesia, IDN
30.5, 2003, Jan Average, Indonesia, IDN
30.6, 2003, Feb Average, Indonesia, IDN
30.8, 2003, Mar Average, Indonesia, IDN
31.1, 2003, Apr Average, Indonesia, IDN
31.5, 2003, May Average, Indonesia, IDN
31.0, 2003, Jun Average, Indonesia, IDN
30.4, 2003, Jul Average, Indonesia, IDN
30.8, 2003, Aug Average, Indonesia, IDN
30.9, 2003, Sep Average, Indonesia, IDN
31.2, 2003, Oct Average, Indonesia, IDN
31.2, 2003, Nov Average, Indonesia, IDN
30.6, 2003, Dec Average, Indonesia, IDN
30.6, 2004, Jan Average, Indonesia, IDN
30.7, 2004, Feb Average, Indonesia, IDN
31.1, 2004, Mar Average, Indonesia, IDN
31.5, 2004, Apr Average, Indonesia, IDN
31.3, 2004, May Average, Indonesia, IDN
31.0, 2004, Jun Average, Indonesia, IDN
30.4, 2004, Jul Average, Indonesia, IDN
31.0, 2004, Aug Average, Indonesia, IDN
30.6, 2004, Sep Average, Indonesia, IDN
31.2, 2004, Oct Average, Indonesia, IDN
31.0, 2004, Nov Average, Indonesia, IDN
30.6, 2004, Dec Average, Indonesia, IDN
30.6, 2005, Jan Average, Indonesia, IDN
31.1, 2005, Feb Average, Indonesia, IDN
31.0, 2005, Mar Average, Indonesia, IDN
31.2, 2005, Apr Average, Indonesia, IDN
30.9, 2005, May Average, Indonesia, IDN
30.7, 2005, Jun Average, Indonesia, IDN
30.6, 2005, Jul Average, Indonesia, IDN
31.0, 2005, Aug Average, Indonesia, IDN
31.1, 2005, Sep Average, Indonesia, IDN
31.1, 2005, Oct Average, Indonesia, IDN
30.9, 2005, Nov Average, Indonesia, IDN
30.4, 2005, Dec Average, Indonesia, IDN
30.3, 2006, Jan Average, Indonesia, IDN
30.6, 2006, Feb Average, Indonesia, IDN
31.0, 2006, Mar Average, Indonesia, IDN
30.8, 2006, Apr Average, Indonesia, IDN
30.9, 2006, May Average, Indonesia, IDN
30.3, 2006, Jun Average, Indonesia, IDN
30.6, 2006, Jul Average, Indonesia, IDN
30.9, 2006, Aug Average, Indonesia, IDN
30.6, 2006, Sep Average, Indonesia, IDN
31.3, 2006, Oct Average, Indonesia, IDN
31.3, 2006, Nov Average, Indonesia, IDN
30.9, 2006, Dec Average, Indonesia, IDN
30.2, 2007, Jan Average, Indonesia, IDN
30.6, 2007, Feb Average, Indonesia, IDN
30.8, 2007, Mar Average, Indonesia, IDN
30.9, 2007, Apr Average, Indonesia, IDN
31.1, 2007, May Average, Indonesia, IDN
30.6, 2007, Jun Average, Indonesia, IDN
30.5, 2007, Jul Average, Indonesia, IDN
30.7, 2007, Aug Average, Indonesia, IDN
30.8, 2007, Sep Average, Indonesia, IDN
31.3, 2007, Oct Average, Indonesia, IDN
30.8, 2007, Nov Average, Indonesia, IDN
30.5, 2007, Dec Average, Indonesia, IDN
30.6, 2008, Jan Average, Indonesia, IDN
30.0, 2008, Feb Average, Indonesia, IDN
30.2, 2008, Mar Average, Indonesia, IDN
30.6, 2008, Apr Average, Indonesia, IDN
30.9, 2008, May Average, Indonesia, IDN
30.4, 2008, Jun Average, Indonesia, IDN
30.1, 2008, Jul Average, Indonesia, IDN
30.5, 2008, Aug Average, Indonesia, IDN
31.0, 2008, Sep Average, Indonesia, IDN
31.2, 2008, Oct Average, Indonesia, IDN
31.0, 2008, Nov Average, Indonesia, IDN
30.6, 2008, Dec Average, Indonesia, IDN
30.0, 2009, Jan Average, Indonesia, IDN
30.2, 2009, Feb Average, Indonesia, IDN
30.6, 2009, Mar Average, Indonesia, IDN
31.2, 2009, Apr Average, Indonesia, IDN
31.1, 2009, May Average, Indonesia, IDN
31.0, 2009, Jun Average, Indonesia, IDN
30.7, 2009, Jul Average, Indonesia, IDN
30.9, 2009, Aug Average, Indonesia, IDN
31.3, 2009, Sep Average, Indonesia, IDN
31.4, 2009, Oct Average, Indonesia, IDN
31.3, 2009, Nov Average, Indonesia, IDN
30.8, 2009, Dec Average, Indonesia, IDN
30.4, 2010, Jan Average, Indonesia, IDN
31.0, 2010, Feb Average, Indonesia, IDN
31.1, 2010, Mar Average, Indonesia, IDN
31.2, 2010, Apr Average, Indonesia, IDN
31.4, 2010, May Average, Indonesia, IDN
30.8, 2010, Jun Average, Indonesia, IDN
30.3, 2010, Jul Average, Indonesia, IDN
30.8, 2010, Aug Average, Indonesia, IDN
30.9, 2010, Sep Average, Indonesia, IDN
31.3, 2010, Oct Average, Indonesia, IDN
31.2, 2010, Nov Average, Indonesia, IDN
30.6, 2010, Dec Average, Indonesia, IDN
30.2, 2011, Jan Average, Indonesia, IDN
30.5, 2011, Feb Average, Indonesia, IDN
30.6, 2011, Mar Average, Indonesia, IDN
30.8, 2011, Apr Average, Indonesia, IDN
30.9, 2011, May Average, Indonesia, IDN
30.6, 2011, Jun Average, Indonesia, IDN
30.5, 2011, Jul Average, Indonesia, IDN
30.7, 2011, Aug Average, Indonesia, IDN
30.9, 2011, Sep Average, Indonesia, IDN
31.2, 2011, Oct Average, Indonesia, IDN
31.2, 2011, Nov Average, Indonesia, IDN
30.9, 2011, Dec Average, Indonesia, IDN
30.5, 2012, Jan Average, Indonesia, IDN
30.8, 2012, Feb Average, Indonesia, IDN
30.7, 2012, Mar Average, Indonesia, IDN
31.0, 2012, Apr Average, Indonesia, IDN
31.2, 2012, May Average, Indonesia, IDN
31.0, 2012, Jun Average, Indonesia, IDN
30.3, 2012, Jul Average, Indonesia, IDN
30.7, 2012, Aug Average, Indonesia, IDN
31.1, 2012, Sep Average, Indonesia, IDN
31.5, 2012, Oct Average, Indonesia, IDN
31.2, 2012, Nov Average, Indonesia, IDN
30.9, 2012, Dec Average, Indonesia, IDN
30.6, 2013, Jan Average, Indonesia, IDN
30.6, 2013, Feb Average, Indonesia, IDN
31.2, 2013, Mar Average, Indonesia, IDN
31.0, 2013, Apr Average, Indonesia, IDN
31.2, 2013, May Average, Indonesia, IDN
31.2, 2013, Jun Average, Indonesia, IDN
30.6, 2013, Jul Average, Indonesia, IDN
30.9, 2013, Aug Average, Indonesia, IDN
30.9, 2013, Sep Average, Indonesia, IDN
31.4, 2013, Oct Average, Indonesia, IDN
31.1, 2013, Nov Average, Indonesia, IDN
30.7, 2013, Dec Average, Indonesia, IDN
29.9, 2014, Jan Average, Indonesia, IDN
30.6, 2014, Feb Average, Indonesia, IDN
31.0, 2014, Mar Average, Indonesia, IDN
31.3, 2014, Apr Average, Indonesia, IDN
31.1, 2014, May Average, Indonesia, IDN
31.2, 2014, Jun Average, Indonesia, IDN
30.8, 2014, Jul Average, Indonesia, IDN
30.5, 2014, Aug Average, Indonesia, IDN
31.3, 2014, Sep Average, Indonesia, IDN
31.5, 2014, Oct Average, Indonesia, IDN
31.5, 2014, Nov Average, Indonesia, IDN
30.9, 2014, Dec Average, Indonesia, IDN
30.2, 2015, Jan Average, Indonesia, IDN
30.6, 2015, Feb Average, Indonesia, IDN
30.9, 2015, Mar Average, Indonesia, IDN
31.3, 2015, Apr Average, Indonesia, IDN
31.2, 2015, May Average, Indonesia, IDN
31.0, 2015, Jun Average, Indonesia, IDN
30.9, 2015, Jul Average, Indonesia, IDN
30.9, 2015, Aug Average, Indonesia, IDN
31.3, 2015, Sep Average, Indonesia, IDN
31.7, 2015, Oct Average, Indonesia, IDN
31.4, 2015, Nov Average, Indonesia, IDN
31.1, 2015, Dec Average, Indonesia, IDN
30.8, 2016, Jan Average, Indonesia, IDN
30.9, 2016, Feb Average, Indonesia, IDN
31.2, 2016, Mar Average, Indonesia, IDN
31.5, 2016, Apr Average, Indonesia, IDN
31.4, 2016, May Average, Indonesia, IDN
30.8, 2016, Jun Average, Indonesia, IDN
30.6, 2016, Jul Average, Indonesia, IDN
31.2, 2016, Aug Average, Indonesia, IDN
31.2, 2016, Sep Average, Indonesia, IDN
31.4, 2016, Oct Average, Indonesia, IDN
31.1, 2016, Nov Average, Indonesia, IDN
31.1, 2016, Dec Average, Indonesia, IDN
30.8, 2017, Jan Average, Indonesia, IDN
30.7, 2017, Feb Average, Indonesia, IDN
30.7, 2017, Mar Average, Indonesia, IDN
30.9, 2017, Apr Average, Indonesia, IDN
31.0, 2017, May Average, Indonesia, IDN
30.7, 2017, Jun Average, Indonesia, IDN
30.8, 2017, Jul Average, Indonesia, IDN
31.0, 2017, Aug Average, Indonesia, IDN
31.0, 2017, Sep Average, Indonesia, IDN
31.5, 2017, Oct Average, Indonesia, IDN
31.2, 2017, Nov Average, Indonesia, IDN
31.1, 2017, Dec Average, Indonesia, IDN
30.4, 2018, Jan Average, Indonesia, IDN
30.6, 2018, Feb Average, Indonesia, IDN
31.1, 2018, Mar Average, Indonesia, IDN
31.5, 2018, Apr Average, Indonesia, IDN
31.1, 2018, May Average, Indonesia, IDN
30.7, 2018, Jun Average, Indonesia, IDN
30.9, 2018, Jul Average, Indonesia, IDN
31.2, 2018, Aug Average, Indonesia, IDN
30.9, 2018, Sep Average, Indonesia, IDN
31.3, 2018, Oct Average, Indonesia, IDN
31.2, 2018, Nov Average, Indonesia, IDN
31.3, 2018, Dec Average, Indonesia, IDN
30.9, 2019, Jan Average, Indonesia, IDN
31.0, 2019, Feb Average, Indonesia, IDN
31.2, 2019, Mar Average, Indonesia, IDN
31.3, 2019, Apr Average, Indonesia, IDN
31.4, 2019, May Average, Indonesia, IDN
31.1, 2019, Jun Average, Indonesia, IDN
30.9, 2019, Jul Average, Indonesia, IDN
31.1, 2019, Aug Average, Indonesia, IDN
31.1, 2019, Sep Average, Indonesia, IDN
31.4, 2019, Oct Average, Indonesia, IDN
31.4, 2019, Nov Average, Indonesia, IDN
31.1, 2019, Dec Average, Indonesia, IDN
31.4, 2020, Jan Average, Indonesia, IDN
31.2, 2020, Feb Average, Indonesia, IDN
31.2, 2020, Mar Average, Indonesia, IDN
31.4, 2020, Apr Average, Indonesia, IDN
31.4, 2020, May Average, Indonesia, IDN
30.7, 2020, Jun Average, Indonesia, IDN
30.8, 2020, Jul Average, Indonesia, IDN
31.1, 2020, Aug Average, Indonesia, IDN
31.0, 2020, Sep Average, Indonesia, IDN
31.5, 2020, Oct Average, Indonesia, IDN
31.3, 2020, Nov Average, Indonesia, IDN
30.7, 2020, Dec Average, Indonesia, IDN
