tasmin, Year, Statistics, Country, ISO3
-6.4, 1901, Jan Average, Turkey, TUR
-2.5, 1901, Feb Average, Turkey, TUR
1.3, 1901, Mar Average, Turkey, TUR
4.1, 1901, Apr Average, Turkey, TUR
7.5, 1901, May Average, Turkey, TUR
12.1, 1901, Jun Average, Turkey, TUR
15.0, 1901, Jul Average, Turkey, TUR
14.8, 1901, Aug Average, Turkey, TUR
9.7, 1901, Sep Average, Turkey, TUR
5.5, 1901, Oct Average, Turkey, TUR
0.4, 1901, Nov Average, Turkey, TUR
-0.3, 1901, Dec Average, Turkey, TUR
-3.9, 1902, Jan Average, Turkey, TUR
-1.8, 1902, Feb Average, Turkey, TUR
-1.0, 1902, Mar Average, Turkey, TUR
2.6, 1902, Apr Average, Turkey, TUR
6.9, 1902, May Average, Turkey, TUR
11.9, 1902, Jun Average, Turkey, TUR
12.9, 1902, Jul Average, Turkey, TUR
13.9, 1902, Aug Average, Turkey, TUR
9.6, 1902, Sep Average, Turkey, TUR
6.2, 1902, Oct Average, Turkey, TUR
-1.5, 1902, Nov Average, Turkey, TUR
-4.1, 1902, Dec Average, Turkey, TUR
-5.2, 1903, Jan Average, Turkey, TUR
-3.4, 1903, Feb Average, Turkey, TUR
-0.9, 1903, Mar Average, Turkey, TUR
5.0, 1903, Apr Average, Turkey, TUR
8.4, 1903, May Average, Turkey, TUR
11.6, 1903, Jun Average, Turkey, TUR
14.3, 1903, Jul Average, Turkey, TUR
14.2, 1903, Aug Average, Turkey, TUR
9.8, 1903, Sep Average, Turkey, TUR
6.7, 1903, Oct Average, Turkey, TUR
1.5, 1903, Nov Average, Turkey, TUR
-1.9, 1903, Dec Average, Turkey, TUR
-7.1, 1904, Jan Average, Turkey, TUR
-1.4, 1904, Feb Average, Turkey, TUR
-0.9, 1904, Mar Average, Turkey, TUR
2.6, 1904, Apr Average, Turkey, TUR
7.1, 1904, May Average, Turkey, TUR
10.8, 1904, Jun Average, Turkey, TUR
14.4, 1904, Jul Average, Turkey, TUR
14.4, 1904, Aug Average, Turkey, TUR
10.6, 1904, Sep Average, Turkey, TUR
7.4, 1904, Oct Average, Turkey, TUR
1.2, 1904, Nov Average, Turkey, TUR
-2.9, 1904, Dec Average, Turkey, TUR
-6.7, 1905, Jan Average, Turkey, TUR
-5.1, 1905, Feb Average, Turkey, TUR
-0.8, 1905, Mar Average, Turkey, TUR
3.5, 1905, Apr Average, Turkey, TUR
7.8, 1905, May Average, Turkey, TUR
11.6, 1905, Jun Average, Turkey, TUR
15.1, 1905, Jul Average, Turkey, TUR
15.2, 1905, Aug Average, Turkey, TUR
11.5, 1905, Sep Average, Turkey, TUR
8.3, 1905, Oct Average, Turkey, TUR
3.9, 1905, Nov Average, Turkey, TUR
-2.9, 1905, Dec Average, Turkey, TUR
-4.9, 1906, Jan Average, Turkey, TUR
-2.8, 1906, Feb Average, Turkey, TUR
1.1, 1906, Mar Average, Turkey, TUR
4.2, 1906, Apr Average, Turkey, TUR
8.8, 1906, May Average, Turkey, TUR
12.1, 1906, Jun Average, Turkey, TUR
14.3, 1906, Jul Average, Turkey, TUR
13.4, 1906, Aug Average, Turkey, TUR
9.5, 1906, Sep Average, Turkey, TUR
5.8, 1906, Oct Average, Turkey, TUR
1.8, 1906, Nov Average, Turkey, TUR
-0.8, 1906, Dec Average, Turkey, TUR
-6.1, 1907, Jan Average, Turkey, TUR
-5.3, 1907, Feb Average, Turkey, TUR
-2.1, 1907, Mar Average, Turkey, TUR
2.6, 1907, Apr Average, Turkey, TUR
8.9, 1907, May Average, Turkey, TUR
11.8, 1907, Jun Average, Turkey, TUR
14.6, 1907, Jul Average, Turkey, TUR
14.2, 1907, Aug Average, Turkey, TUR
9.5, 1907, Sep Average, Turkey, TUR
7.2, 1907, Oct Average, Turkey, TUR
-0.4, 1907, Nov Average, Turkey, TUR
-2.5, 1907, Dec Average, Turkey, TUR
-5.5, 1908, Jan Average, Turkey, TUR
-3.9, 1908, Feb Average, Turkey, TUR
-1.3, 1908, Mar Average, Turkey, TUR
2.6, 1908, Apr Average, Turkey, TUR
8.2, 1908, May Average, Turkey, TUR
11.8, 1908, Jun Average, Turkey, TUR
14.0, 1908, Jul Average, Turkey, TUR
14.5, 1908, Aug Average, Turkey, TUR
10.4, 1908, Sep Average, Turkey, TUR
5.3, 1908, Oct Average, Turkey, TUR
-0.1, 1908, Nov Average, Turkey, TUR
-4.1, 1908, Dec Average, Turkey, TUR
-7.0, 1909, Jan Average, Turkey, TUR
-4.9, 1909, Feb Average, Turkey, TUR
0.5, 1909, Mar Average, Turkey, TUR
3.1, 1909, Apr Average, Turkey, TUR
8.9, 1909, May Average, Turkey, TUR
10.9, 1909, Jun Average, Turkey, TUR
15.3, 1909, Jul Average, Turkey, TUR
14.7, 1909, Aug Average, Turkey, TUR
12.7, 1909, Sep Average, Turkey, TUR
8.0, 1909, Oct Average, Turkey, TUR
3.4, 1909, Nov Average, Turkey, TUR
-0.6, 1909, Dec Average, Turkey, TUR
-3.8, 1910, Jan Average, Turkey, TUR
-2.1, 1910, Feb Average, Turkey, TUR
-0.9, 1910, Mar Average, Turkey, TUR
3.7, 1910, Apr Average, Turkey, TUR
7.9, 1910, May Average, Turkey, TUR
11.7, 1910, Jun Average, Turkey, TUR
14.7, 1910, Jul Average, Turkey, TUR
14.2, 1910, Aug Average, Turkey, TUR
9.8, 1910, Sep Average, Turkey, TUR
5.9, 1910, Oct Average, Turkey, TUR
2.8, 1910, Nov Average, Turkey, TUR
-2.6, 1910, Dec Average, Turkey, TUR
-7.7, 1911, Jan Average, Turkey, TUR
-8.0, 1911, Feb Average, Turkey, TUR
-2.3, 1911, Mar Average, Turkey, TUR
2.9, 1911, Apr Average, Turkey, TUR
8.2, 1911, May Average, Turkey, TUR
10.4, 1911, Jun Average, Turkey, TUR
14.1, 1911, Jul Average, Turkey, TUR
14.3, 1911, Aug Average, Turkey, TUR
9.2, 1911, Sep Average, Turkey, TUR
5.2, 1911, Oct Average, Turkey, TUR
2.4, 1911, Nov Average, Turkey, TUR
-2.5, 1911, Dec Average, Turkey, TUR
-5.5, 1912, Jan Average, Turkey, TUR
-2.4, 1912, Feb Average, Turkey, TUR
0.5, 1912, Mar Average, Turkey, TUR
1.8, 1912, Apr Average, Turkey, TUR
6.2, 1912, May Average, Turkey, TUR
11.4, 1912, Jun Average, Turkey, TUR
12.4, 1912, Jul Average, Turkey, TUR
13.1, 1912, Aug Average, Turkey, TUR
10.6, 1912, Sep Average, Turkey, TUR
5.3, 1912, Oct Average, Turkey, TUR
1.6, 1912, Nov Average, Turkey, TUR
-2.4, 1912, Dec Average, Turkey, TUR
-5.4, 1913, Jan Average, Turkey, TUR
-6.6, 1913, Feb Average, Turkey, TUR
-1.3, 1913, Mar Average, Turkey, TUR
3.4, 1913, Apr Average, Turkey, TUR
6.7, 1913, May Average, Turkey, TUR
10.2, 1913, Jun Average, Turkey, TUR
13.7, 1913, Jul Average, Turkey, TUR
14.3, 1913, Aug Average, Turkey, TUR
10.8, 1913, Sep Average, Turkey, TUR
5.5, 1913, Oct Average, Turkey, TUR
1.8, 1913, Nov Average, Turkey, TUR
-1.9, 1913, Dec Average, Turkey, TUR
-4.2, 1914, Jan Average, Turkey, TUR
-2.0, 1914, Feb Average, Turkey, TUR
2.1, 1914, Mar Average, Turkey, TUR
3.4, 1914, Apr Average, Turkey, TUR
7.6, 1914, May Average, Turkey, TUR
11.1, 1914, Jun Average, Turkey, TUR
14.6, 1914, Jul Average, Turkey, TUR
13.8, 1914, Aug Average, Turkey, TUR
9.5, 1914, Sep Average, Turkey, TUR
5.8, 1914, Oct Average, Turkey, TUR
-0.8, 1914, Nov Average, Turkey, TUR
-2.3, 1914, Dec Average, Turkey, TUR
-0.4, 1915, Jan Average, Turkey, TUR
-2.4, 1915, Feb Average, Turkey, TUR
0.3, 1915, Mar Average, Turkey, TUR
4.0, 1915, Apr Average, Turkey, TUR
6.6, 1915, May Average, Turkey, TUR
11.2, 1915, Jun Average, Turkey, TUR
14.6, 1915, Jul Average, Turkey, TUR
13.5, 1915, Aug Average, Turkey, TUR
9.8, 1915, Sep Average, Turkey, TUR
6.8, 1915, Oct Average, Turkey, TUR
2.1, 1915, Nov Average, Turkey, TUR
0.1, 1915, Dec Average, Turkey, TUR
-4.0, 1916, Jan Average, Turkey, TUR
-2.5, 1916, Feb Average, Turkey, TUR
1.5, 1916, Mar Average, Turkey, TUR
4.4, 1916, Apr Average, Turkey, TUR
8.6, 1916, May Average, Turkey, TUR
12.0, 1916, Jun Average, Turkey, TUR
14.8, 1916, Jul Average, Turkey, TUR
13.8, 1916, Aug Average, Turkey, TUR
9.6, 1916, Sep Average, Turkey, TUR
6.6, 1916, Oct Average, Turkey, TUR
2.9, 1916, Nov Average, Turkey, TUR
-0.4, 1916, Dec Average, Turkey, TUR
-2.9, 1917, Jan Average, Turkey, TUR
-5.3, 1917, Feb Average, Turkey, TUR
0.0, 1917, Mar Average, Turkey, TUR
5.3, 1917, Apr Average, Turkey, TUR
6.6, 1917, May Average, Turkey, TUR
10.8, 1917, Jun Average, Turkey, TUR
14.3, 1917, Jul Average, Turkey, TUR
14.6, 1917, Aug Average, Turkey, TUR
10.9, 1917, Sep Average, Turkey, TUR
7.2, 1917, Oct Average, Turkey, TUR
3.8, 1917, Nov Average, Turkey, TUR
-3.1, 1917, Dec Average, Turkey, TUR
-3.6, 1918, Jan Average, Turkey, TUR
-3.6, 1918, Feb Average, Turkey, TUR
-0.8, 1918, Mar Average, Turkey, TUR
3.5, 1918, Apr Average, Turkey, TUR
7.2, 1918, May Average, Turkey, TUR
10.4, 1918, Jun Average, Turkey, TUR
13.8, 1918, Jul Average, Turkey, TUR
13.7, 1918, Aug Average, Turkey, TUR
12.3, 1918, Sep Average, Turkey, TUR
10.0, 1918, Oct Average, Turkey, TUR
2.2, 1918, Nov Average, Turkey, TUR
-1.3, 1918, Dec Average, Turkey, TUR
-2.1, 1919, Jan Average, Turkey, TUR
-2.4, 1919, Feb Average, Turkey, TUR
0.5, 1919, Mar Average, Turkey, TUR
5.3, 1919, Apr Average, Turkey, TUR
5.9, 1919, May Average, Turkey, TUR
9.9, 1919, Jun Average, Turkey, TUR
13.8, 1919, Jul Average, Turkey, TUR
13.0, 1919, Aug Average, Turkey, TUR
11.7, 1919, Sep Average, Turkey, TUR
9.1, 1919, Oct Average, Turkey, TUR
2.9, 1919, Nov Average, Turkey, TUR
-1.8, 1919, Dec Average, Turkey, TUR
-3.6, 1920, Jan Average, Turkey, TUR
-7.2, 1920, Feb Average, Turkey, TUR
0.2, 1920, Mar Average, Turkey, TUR
5.2, 1920, Apr Average, Turkey, TUR
8.5, 1920, May Average, Turkey, TUR
11.8, 1920, Jun Average, Turkey, TUR
14.8, 1920, Jul Average, Turkey, TUR
15.3, 1920, Aug Average, Turkey, TUR
10.5, 1920, Sep Average, Turkey, TUR
3.9, 1920, Oct Average, Turkey, TUR
-1.2, 1920, Nov Average, Turkey, TUR
-4.9, 1920, Dec Average, Turkey, TUR
-3.6, 1921, Jan Average, Turkey, TUR
-6.5, 1921, Feb Average, Turkey, TUR
-1.5, 1921, Mar Average, Turkey, TUR
3.8, 1921, Apr Average, Turkey, TUR
9.2, 1921, May Average, Turkey, TUR
10.9, 1921, Jun Average, Turkey, TUR
14.6, 1921, Jul Average, Turkey, TUR
14.9, 1921, Aug Average, Turkey, TUR
9.1, 1921, Sep Average, Turkey, TUR
4.8, 1921, Oct Average, Turkey, TUR
0.8, 1921, Nov Average, Turkey, TUR
-3.6, 1921, Dec Average, Turkey, TUR
-4.5, 1922, Jan Average, Turkey, TUR
-3.5, 1922, Feb Average, Turkey, TUR
1.1, 1922, Mar Average, Turkey, TUR
4.3, 1922, Apr Average, Turkey, TUR
8.3, 1922, May Average, Turkey, TUR
11.4, 1922, Jun Average, Turkey, TUR
15.5, 1922, Jul Average, Turkey, TUR
14.3, 1922, Aug Average, Turkey, TUR
10.4, 1922, Sep Average, Turkey, TUR
6.9, 1922, Oct Average, Turkey, TUR
1.9, 1922, Nov Average, Turkey, TUR
-2.1, 1922, Dec Average, Turkey, TUR
-3.3, 1923, Jan Average, Turkey, TUR
-3.3, 1923, Feb Average, Turkey, TUR
0.3, 1923, Mar Average, Turkey, TUR
3.1, 1923, Apr Average, Turkey, TUR
9.1, 1923, May Average, Turkey, TUR
12.2, 1923, Jun Average, Turkey, TUR
14.8, 1923, Jul Average, Turkey, TUR
13.1, 1923, Aug Average, Turkey, TUR
11.8, 1923, Sep Average, Turkey, TUR
7.6, 1923, Oct Average, Turkey, TUR
4.5, 1923, Nov Average, Turkey, TUR
-0.2, 1923, Dec Average, Turkey, TUR
-5.2, 1924, Jan Average, Turkey, TUR
-4.1, 1924, Feb Average, Turkey, TUR
-0.2, 1924, Mar Average, Turkey, TUR
3.8, 1924, Apr Average, Turkey, TUR
8.7, 1924, May Average, Turkey, TUR
13.4, 1924, Jun Average, Turkey, TUR
14.3, 1924, Jul Average, Turkey, TUR
14.5, 1924, Aug Average, Turkey, TUR
12.8, 1924, Sep Average, Turkey, TUR
6.0, 1924, Oct Average, Turkey, TUR
0.9, 1924, Nov Average, Turkey, TUR
-4.4, 1924, Dec Average, Turkey, TUR
-6.3, 1925, Jan Average, Turkey, TUR
-2.1, 1925, Feb Average, Turkey, TUR
1.8, 1925, Mar Average, Turkey, TUR
3.6, 1925, Apr Average, Turkey, TUR
8.3, 1925, May Average, Turkey, TUR
10.2, 1925, Jun Average, Turkey, TUR
14.2, 1925, Jul Average, Turkey, TUR
14.4, 1925, Aug Average, Turkey, TUR
11.4, 1925, Sep Average, Turkey, TUR
6.4, 1925, Oct Average, Turkey, TUR
3.1, 1925, Nov Average, Turkey, TUR
-0.8, 1925, Dec Average, Turkey, TUR
-3.2, 1926, Jan Average, Turkey, TUR
-2.8, 1926, Feb Average, Turkey, TUR
-0.2, 1926, Mar Average, Turkey, TUR
4.2, 1926, Apr Average, Turkey, TUR
8.8, 1926, May Average, Turkey, TUR
12.3, 1926, Jun Average, Turkey, TUR
14.7, 1926, Jul Average, Turkey, TUR
13.6, 1926, Aug Average, Turkey, TUR
9.4, 1926, Sep Average, Turkey, TUR
6.4, 1926, Oct Average, Turkey, TUR
3.5, 1926, Nov Average, Turkey, TUR
-0.5, 1926, Dec Average, Turkey, TUR
-4.2, 1927, Jan Average, Turkey, TUR
-6.5, 1927, Feb Average, Turkey, TUR
1.3, 1927, Mar Average, Turkey, TUR
4.3, 1927, Apr Average, Turkey, TUR
8.4, 1927, May Average, Turkey, TUR
12.9, 1927, Jun Average, Turkey, TUR
15.2, 1927, Jul Average, Turkey, TUR
15.2, 1927, Aug Average, Turkey, TUR
12.8, 1927, Sep Average, Turkey, TUR
9.2, 1927, Oct Average, Turkey, TUR
2.2, 1927, Nov Average, Turkey, TUR
-4.2, 1927, Dec Average, Turkey, TUR
-5.7, 1928, Jan Average, Turkey, TUR
-6.7, 1928, Feb Average, Turkey, TUR
-3.8, 1928, Mar Average, Turkey, TUR
4.7, 1928, Apr Average, Turkey, TUR
7.7, 1928, May Average, Turkey, TUR
10.5, 1928, Jun Average, Turkey, TUR
14.7, 1928, Jul Average, Turkey, TUR
13.0, 1928, Aug Average, Turkey, TUR
11.3, 1928, Sep Average, Turkey, TUR
5.5, 1928, Oct Average, Turkey, TUR
3.5, 1928, Nov Average, Turkey, TUR
-1.9, 1928, Dec Average, Turkey, TUR
-5.9, 1929, Jan Average, Turkey, TUR
-7.0, 1929, Feb Average, Turkey, TUR
-4.1, 1929, Mar Average, Turkey, TUR
3.0, 1929, Apr Average, Turkey, TUR
9.9, 1929, May Average, Turkey, TUR
11.5, 1929, Jun Average, Turkey, TUR
14.2, 1929, Jul Average, Turkey, TUR
16.5, 1929, Aug Average, Turkey, TUR
10.2, 1929, Sep Average, Turkey, TUR
7.3, 1929, Oct Average, Turkey, TUR
3.3, 1929, Nov Average, Turkey, TUR
-1.7, 1929, Dec Average, Turkey, TUR
-3.6, 1930, Jan Average, Turkey, TUR
-3.3, 1930, Feb Average, Turkey, TUR
0.6, 1930, Mar Average, Turkey, TUR
5.1, 1930, Apr Average, Turkey, TUR
8.3, 1930, May Average, Turkey, TUR
11.0, 1930, Jun Average, Turkey, TUR
14.8, 1930, Jul Average, Turkey, TUR
15.3, 1930, Aug Average, Turkey, TUR
11.0, 1930, Sep Average, Turkey, TUR
6.5, 1930, Oct Average, Turkey, TUR
3.1, 1930, Nov Average, Turkey, TUR
-0.3, 1930, Dec Average, Turkey, TUR
-3.9, 1931, Jan Average, Turkey, TUR
-2.8, 1931, Feb Average, Turkey, TUR
-0.1, 1931, Mar Average, Turkey, TUR
3.3, 1931, Apr Average, Turkey, TUR
8.1, 1931, May Average, Turkey, TUR
12.1, 1931, Jun Average, Turkey, TUR
15.3, 1931, Jul Average, Turkey, TUR
14.9, 1931, Aug Average, Turkey, TUR
11.0, 1931, Sep Average, Turkey, TUR
5.2, 1931, Oct Average, Turkey, TUR
-0.5, 1931, Nov Average, Turkey, TUR
-4.9, 1931, Dec Average, Turkey, TUR
-6.6, 1932, Jan Average, Turkey, TUR
-6.5, 1932, Feb Average, Turkey, TUR
-1.4, 1932, Mar Average, Turkey, TUR
3.7, 1932, Apr Average, Turkey, TUR
7.5, 1932, May Average, Turkey, TUR
11.7, 1932, Jun Average, Turkey, TUR
13.8, 1932, Jul Average, Turkey, TUR
14.6, 1932, Aug Average, Turkey, TUR
10.7, 1932, Sep Average, Turkey, TUR
8.3, 1932, Oct Average, Turkey, TUR
1.5, 1932, Nov Average, Turkey, TUR
-4.0, 1932, Dec Average, Turkey, TUR
-7.7, 1933, Jan Average, Turkey, TUR
-4.2, 1933, Feb Average, Turkey, TUR
-2.5, 1933, Mar Average, Turkey, TUR
1.7, 1933, Apr Average, Turkey, TUR
7.0, 1933, May Average, Turkey, TUR
9.8, 1933, Jun Average, Turkey, TUR
13.5, 1933, Jul Average, Turkey, TUR
13.9, 1933, Aug Average, Turkey, TUR
9.7, 1933, Sep Average, Turkey, TUR
5.4, 1933, Oct Average, Turkey, TUR
3.3, 1933, Nov Average, Turkey, TUR
-4.5, 1933, Dec Average, Turkey, TUR
-6.2, 1934, Jan Average, Turkey, TUR
-5.8, 1934, Feb Average, Turkey, TUR
0.1, 1934, Mar Average, Turkey, TUR
4.1, 1934, Apr Average, Turkey, TUR
8.7, 1934, May Average, Turkey, TUR
11.0, 1934, Jun Average, Turkey, TUR
14.0, 1934, Jul Average, Turkey, TUR
13.6, 1934, Aug Average, Turkey, TUR
10.2, 1934, Sep Average, Turkey, TUR
6.6, 1934, Oct Average, Turkey, TUR
2.4, 1934, Nov Average, Turkey, TUR
-2.3, 1934, Dec Average, Turkey, TUR
-5.9, 1935, Jan Average, Turkey, TUR
-3.3, 1935, Feb Average, Turkey, TUR
-1.9, 1935, Mar Average, Turkey, TUR
3.9, 1935, Apr Average, Turkey, TUR
8.2, 1935, May Average, Turkey, TUR
11.9, 1935, Jun Average, Turkey, TUR
13.8, 1935, Jul Average, Turkey, TUR
14.7, 1935, Aug Average, Turkey, TUR
11.4, 1935, Sep Average, Turkey, TUR
7.4, 1935, Oct Average, Turkey, TUR
1.6, 1935, Nov Average, Turkey, TUR
-0.1, 1935, Dec Average, Turkey, TUR
-2.9, 1936, Jan Average, Turkey, TUR
-2.1, 1936, Feb Average, Turkey, TUR
0.4, 1936, Mar Average, Turkey, TUR
4.9, 1936, Apr Average, Turkey, TUR
7.6, 1936, May Average, Turkey, TUR
10.7, 1936, Jun Average, Turkey, TUR
15.4, 1936, Jul Average, Turkey, TUR
15.0, 1936, Aug Average, Turkey, TUR
9.1, 1936, Sep Average, Turkey, TUR
6.7, 1936, Oct Average, Turkey, TUR
2.2, 1936, Nov Average, Turkey, TUR
-4.3, 1936, Dec Average, Turkey, TUR
-7.5, 1937, Jan Average, Turkey, TUR
-3.2, 1937, Feb Average, Turkey, TUR
1.2, 1937, Mar Average, Turkey, TUR
4.8, 1937, Apr Average, Turkey, TUR
8.5, 1937, May Average, Turkey, TUR
10.7, 1937, Jun Average, Turkey, TUR
15.6, 1937, Jul Average, Turkey, TUR
15.0, 1937, Aug Average, Turkey, TUR
12.6, 1937, Sep Average, Turkey, TUR
7.6, 1937, Oct Average, Turkey, TUR
3.7, 1937, Nov Average, Turkey, TUR
-0.8, 1937, Dec Average, Turkey, TUR
-4.4, 1938, Jan Average, Turkey, TUR
-4.4, 1938, Feb Average, Turkey, TUR
-3.2, 1938, Mar Average, Turkey, TUR
4.2, 1938, Apr Average, Turkey, TUR
7.8, 1938, May Average, Turkey, TUR
11.7, 1938, Jun Average, Turkey, TUR
15.8, 1938, Jul Average, Turkey, TUR
15.6, 1938, Aug Average, Turkey, TUR
11.7, 1938, Sep Average, Turkey, TUR
6.1, 1938, Oct Average, Turkey, TUR
1.6, 1938, Nov Average, Turkey, TUR
-0.2, 1938, Dec Average, Turkey, TUR
-2.8, 1939, Jan Average, Turkey, TUR
-3.8, 1939, Feb Average, Turkey, TUR
-0.8, 1939, Mar Average, Turkey, TUR
3.9, 1939, Apr Average, Turkey, TUR
8.9, 1939, May Average, Turkey, TUR
11.5, 1939, Jun Average, Turkey, TUR
15.1, 1939, Jul Average, Turkey, TUR
14.5, 1939, Aug Average, Turkey, TUR
10.7, 1939, Sep Average, Turkey, TUR
7.9, 1939, Oct Average, Turkey, TUR
1.7, 1939, Nov Average, Turkey, TUR
-1.1, 1939, Dec Average, Turkey, TUR
-5.5, 1940, Jan Average, Turkey, TUR
-2.0, 1940, Feb Average, Turkey, TUR
-2.2, 1940, Mar Average, Turkey, TUR
4.6, 1940, Apr Average, Turkey, TUR
7.4, 1940, May Average, Turkey, TUR
11.5, 1940, Jun Average, Turkey, TUR
15.0, 1940, Jul Average, Turkey, TUR
14.8, 1940, Aug Average, Turkey, TUR
10.3, 1940, Sep Average, Turkey, TUR
7.4, 1940, Oct Average, Turkey, TUR
3.1, 1940, Nov Average, Turkey, TUR
-0.8, 1940, Dec Average, Turkey, TUR
-3.7, 1941, Jan Average, Turkey, TUR
-0.8, 1941, Feb Average, Turkey, TUR
-0.1, 1941, Mar Average, Turkey, TUR
5.1, 1941, Apr Average, Turkey, TUR
8.7, 1941, May Average, Turkey, TUR
12.1, 1941, Jun Average, Turkey, TUR
14.9, 1941, Jul Average, Turkey, TUR
13.8, 1941, Aug Average, Turkey, TUR
10.1, 1941, Sep Average, Turkey, TUR
4.2, 1941, Oct Average, Turkey, TUR
0.6, 1941, Nov Average, Turkey, TUR
-6.8, 1941, Dec Average, Turkey, TUR
-7.2, 1942, Jan Average, Turkey, TUR
-2.6, 1942, Feb Average, Turkey, TUR
-2.0, 1942, Mar Average, Turkey, TUR
3.0, 1942, Apr Average, Turkey, TUR
8.6, 1942, May Average, Turkey, TUR
12.6, 1942, Jun Average, Turkey, TUR
14.4, 1942, Jul Average, Turkey, TUR
14.7, 1942, Aug Average, Turkey, TUR
10.9, 1942, Sep Average, Turkey, TUR
7.5, 1942, Oct Average, Turkey, TUR
2.7, 1942, Nov Average, Turkey, TUR
-3.6, 1942, Dec Average, Turkey, TUR
-4.7, 1943, Jan Average, Turkey, TUR
-5.6, 1943, Feb Average, Turkey, TUR
-3.3, 1943, Mar Average, Turkey, TUR
2.7, 1943, Apr Average, Turkey, TUR
7.5, 1943, May Average, Turkey, TUR
10.4, 1943, Jun Average, Turkey, TUR
13.3, 1943, Jul Average, Turkey, TUR
14.7, 1943, Aug Average, Turkey, TUR
10.9, 1943, Sep Average, Turkey, TUR
9.0, 1943, Oct Average, Turkey, TUR
4.2, 1943, Nov Average, Turkey, TUR
-1.5, 1943, Dec Average, Turkey, TUR
-5.4, 1944, Jan Average, Turkey, TUR
-2.3, 1944, Feb Average, Turkey, TUR
0.6, 1944, Mar Average, Turkey, TUR
3.7, 1944, Apr Average, Turkey, TUR
7.1, 1944, May Average, Turkey, TUR
11.6, 1944, Jun Average, Turkey, TUR
14.3, 1944, Jul Average, Turkey, TUR
13.4, 1944, Aug Average, Turkey, TUR
10.7, 1944, Sep Average, Turkey, TUR
7.7, 1944, Oct Average, Turkey, TUR
2.9, 1944, Nov Average, Turkey, TUR
-1.9, 1944, Dec Average, Turkey, TUR
-4.1, 1945, Jan Average, Turkey, TUR
-5.8, 1945, Feb Average, Turkey, TUR
-3.0, 1945, Mar Average, Turkey, TUR
2.4, 1945, Apr Average, Turkey, TUR
8.6, 1945, May Average, Turkey, TUR
11.0, 1945, Jun Average, Turkey, TUR
14.4, 1945, Jul Average, Turkey, TUR
14.6, 1945, Aug Average, Turkey, TUR
11.0, 1945, Sep Average, Turkey, TUR
5.5, 1945, Oct Average, Turkey, TUR
1.7, 1945, Nov Average, Turkey, TUR
-2.8, 1945, Dec Average, Turkey, TUR
-5.7, 1946, Jan Average, Turkey, TUR
-3.4, 1946, Feb Average, Turkey, TUR
-0.2, 1946, Mar Average, Turkey, TUR
3.7, 1946, Apr Average, Turkey, TUR
8.6, 1946, May Average, Turkey, TUR
12.3, 1946, Jun Average, Turkey, TUR
14.3, 1946, Jul Average, Turkey, TUR
15.1, 1946, Aug Average, Turkey, TUR
12.2, 1946, Sep Average, Turkey, TUR
4.7, 1946, Oct Average, Turkey, TUR
2.8, 1946, Nov Average, Turkey, TUR
-1.8, 1946, Dec Average, Turkey, TUR
-5.1, 1947, Jan Average, Turkey, TUR
-2.9, 1947, Feb Average, Turkey, TUR
2.0, 1947, Mar Average, Turkey, TUR
4.5, 1947, Apr Average, Turkey, TUR
8.5, 1947, May Average, Turkey, TUR
12.1, 1947, Jun Average, Turkey, TUR
15.4, 1947, Jul Average, Turkey, TUR
14.1, 1947, Aug Average, Turkey, TUR
10.5, 1947, Sep Average, Turkey, TUR
5.2, 1947, Oct Average, Turkey, TUR
3.7, 1947, Nov Average, Turkey, TUR
-0.1, 1947, Dec Average, Turkey, TUR
-1.3, 1948, Jan Average, Turkey, TUR
-2.8, 1948, Feb Average, Turkey, TUR
-3.2, 1948, Mar Average, Turkey, TUR
3.0, 1948, Apr Average, Turkey, TUR
8.5, 1948, May Average, Turkey, TUR
11.8, 1948, Jun Average, Turkey, TUR
14.2, 1948, Jul Average, Turkey, TUR
14.8, 1948, Aug Average, Turkey, TUR
10.5, 1948, Sep Average, Turkey, TUR
5.3, 1948, Oct Average, Turkey, TUR
-1.4, 1948, Nov Average, Turkey, TUR
-5.7, 1948, Dec Average, Turkey, TUR
-6.7, 1949, Jan Average, Turkey, TUR
-6.8, 1949, Feb Average, Turkey, TUR
-2.0, 1949, Mar Average, Turkey, TUR
1.9, 1949, Apr Average, Turkey, TUR
8.7, 1949, May Average, Turkey, TUR
11.7, 1949, Jun Average, Turkey, TUR
14.3, 1949, Jul Average, Turkey, TUR
13.4, 1949, Aug Average, Turkey, TUR
9.7, 1949, Sep Average, Turkey, TUR
5.4, 1949, Oct Average, Turkey, TUR
2.9, 1949, Nov Average, Turkey, TUR
-1.4, 1949, Dec Average, Turkey, TUR
-9.4, 1950, Jan Average, Turkey, TUR
-6.6, 1950, Feb Average, Turkey, TUR
-0.5, 1950, Mar Average, Turkey, TUR
6.3, 1950, Apr Average, Turkey, TUR
9.1, 1950, May Average, Turkey, TUR
11.1, 1950, Jun Average, Turkey, TUR
14.3, 1950, Jul Average, Turkey, TUR
13.5, 1950, Aug Average, Turkey, TUR
11.8, 1950, Sep Average, Turkey, TUR
5.6, 1950, Oct Average, Turkey, TUR
1.9, 1950, Nov Average, Turkey, TUR
-0.8, 1950, Dec Average, Turkey, TUR
-3.4, 1951, Jan Average, Turkey, TUR
-3.1, 1951, Feb Average, Turkey, TUR
1.7, 1951, Mar Average, Turkey, TUR
5.3, 1951, Apr Average, Turkey, TUR
8.6, 1951, May Average, Turkey, TUR
11.4, 1951, Jun Average, Turkey, TUR
14.1, 1951, Jul Average, Turkey, TUR
15.1, 1951, Aug Average, Turkey, TUR
11.3, 1951, Sep Average, Turkey, TUR
4.6, 1951, Oct Average, Turkey, TUR
2.6, 1951, Nov Average, Turkey, TUR
-4.4, 1951, Dec Average, Turkey, TUR
-4.1, 1952, Jan Average, Turkey, TUR
-2.4, 1952, Feb Average, Turkey, TUR
-1.4, 1952, Mar Average, Turkey, TUR
4.3, 1952, Apr Average, Turkey, TUR
7.6, 1952, May Average, Turkey, TUR
10.6, 1952, Jun Average, Turkey, TUR
14.4, 1952, Jul Average, Turkey, TUR
15.1, 1952, Aug Average, Turkey, TUR
12.7, 1952, Sep Average, Turkey, TUR
7.9, 1952, Oct Average, Turkey, TUR
2.7, 1952, Nov Average, Turkey, TUR
0.6, 1952, Dec Average, Turkey, TUR
-2.2, 1953, Jan Average, Turkey, TUR
-2.5, 1953, Feb Average, Turkey, TUR
-3.9, 1953, Mar Average, Turkey, TUR
4.3, 1953, Apr Average, Turkey, TUR
7.5, 1953, May Average, Turkey, TUR
11.7, 1953, Jun Average, Turkey, TUR
14.7, 1953, Jul Average, Turkey, TUR
15.1, 1953, Aug Average, Turkey, TUR
10.3, 1953, Sep Average, Turkey, TUR
7.1, 1953, Oct Average, Turkey, TUR
-0.5, 1953, Nov Average, Turkey, TUR
-7.1, 1953, Dec Average, Turkey, TUR
-7.2, 1954, Jan Average, Turkey, TUR
-5.1, 1954, Feb Average, Turkey, TUR
0.3, 1954, Mar Average, Turkey, TUR
3.2, 1954, Apr Average, Turkey, TUR
8.1, 1954, May Average, Turkey, TUR
13.0, 1954, Jun Average, Turkey, TUR
15.8, 1954, Jul Average, Turkey, TUR
15.8, 1954, Aug Average, Turkey, TUR
11.9, 1954, Sep Average, Turkey, TUR
7.2, 1954, Oct Average, Turkey, TUR
3.1, 1954, Nov Average, Turkey, TUR
-0.2, 1954, Dec Average, Turkey, TUR
-1.6, 1955, Jan Average, Turkey, TUR
0.4, 1955, Feb Average, Turkey, TUR
0.9, 1955, Mar Average, Turkey, TUR
4.2, 1955, Apr Average, Turkey, TUR
8.7, 1955, May Average, Turkey, TUR
13.1, 1955, Jun Average, Turkey, TUR
14.8, 1955, Jul Average, Turkey, TUR
14.3, 1955, Aug Average, Turkey, TUR
11.8, 1955, Sep Average, Turkey, TUR
8.8, 1955, Oct Average, Turkey, TUR
2.7, 1955, Nov Average, Turkey, TUR
-1.4, 1955, Dec Average, Turkey, TUR
-3.5, 1956, Jan Average, Turkey, TUR
-3.1, 1956, Feb Average, Turkey, TUR
-2.7, 1956, Mar Average, Turkey, TUR
4.0, 1956, Apr Average, Turkey, TUR
7.0, 1956, May Average, Turkey, TUR
11.9, 1956, Jun Average, Turkey, TUR
14.3, 1956, Jul Average, Turkey, TUR
15.3, 1956, Aug Average, Turkey, TUR
9.6, 1956, Sep Average, Turkey, TUR
4.4, 1956, Oct Average, Turkey, TUR
0.6, 1956, Nov Average, Turkey, TUR
-5.0, 1956, Dec Average, Turkey, TUR
-7.0, 1957, Jan Average, Turkey, TUR
-3.1, 1957, Feb Average, Turkey, TUR
0.1, 1957, Mar Average, Turkey, TUR
4.8, 1957, Apr Average, Turkey, TUR
7.6, 1957, May Average, Turkey, TUR
11.7, 1957, Jun Average, Turkey, TUR
14.7, 1957, Jul Average, Turkey, TUR
15.7, 1957, Aug Average, Turkey, TUR
12.6, 1957, Sep Average, Turkey, TUR
7.8, 1957, Oct Average, Turkey, TUR
2.5, 1957, Nov Average, Turkey, TUR
-1.9, 1957, Dec Average, Turkey, TUR
-2.6, 1958, Jan Average, Turkey, TUR
-2.2, 1958, Feb Average, Turkey, TUR
1.0, 1958, Mar Average, Turkey, TUR
4.7, 1958, Apr Average, Turkey, TUR
9.1, 1958, May Average, Turkey, TUR
11.4, 1958, Jun Average, Turkey, TUR
14.0, 1958, Jul Average, Turkey, TUR
14.6, 1958, Aug Average, Turkey, TUR
10.2, 1958, Sep Average, Turkey, TUR
5.9, 1958, Oct Average, Turkey, TUR
1.8, 1958, Nov Average, Turkey, TUR
-1.5, 1958, Dec Average, Turkey, TUR
-2.9, 1959, Jan Average, Turkey, TUR
-7.9, 1959, Feb Average, Turkey, TUR
-1.3, 1959, Mar Average, Turkey, TUR
5.0, 1959, Apr Average, Turkey, TUR
8.5, 1959, May Average, Turkey, TUR
11.3, 1959, Jun Average, Turkey, TUR
14.6, 1959, Jul Average, Turkey, TUR
14.0, 1959, Aug Average, Turkey, TUR
8.6, 1959, Sep Average, Turkey, TUR
4.2, 1959, Oct Average, Turkey, TUR
2.3, 1959, Nov Average, Turkey, TUR
-0.5, 1959, Dec Average, Turkey, TUR
-2.8, 1960, Jan Average, Turkey, TUR
-3.4, 1960, Feb Average, Turkey, TUR
-0.2, 1960, Mar Average, Turkey, TUR
4.7, 1960, Apr Average, Turkey, TUR
9.3, 1960, May Average, Turkey, TUR
11.3, 1960, Jun Average, Turkey, TUR
14.5, 1960, Jul Average, Turkey, TUR
13.7, 1960, Aug Average, Turkey, TUR
11.4, 1960, Sep Average, Turkey, TUR
7.8, 1960, Oct Average, Turkey, TUR
3.8, 1960, Nov Average, Turkey, TUR
0.4, 1960, Dec Average, Turkey, TUR
-4.7, 1961, Jan Average, Turkey, TUR
-3.5, 1961, Feb Average, Turkey, TUR
-1.8, 1961, Mar Average, Turkey, TUR
5.0, 1961, Apr Average, Turkey, TUR
8.9, 1961, May Average, Turkey, TUR
12.4, 1961, Jun Average, Turkey, TUR
14.8, 1961, Jul Average, Turkey, TUR
15.0, 1961, Aug Average, Turkey, TUR
9.1, 1961, Sep Average, Turkey, TUR
6.2, 1961, Oct Average, Turkey, TUR
2.4, 1961, Nov Average, Turkey, TUR
-0.3, 1961, Dec Average, Turkey, TUR
-3.8, 1962, Jan Average, Turkey, TUR
-3.1, 1962, Feb Average, Turkey, TUR
1.5, 1962, Mar Average, Turkey, TUR
4.2, 1962, Apr Average, Turkey, TUR
8.9, 1962, May Average, Turkey, TUR
12.1, 1962, Jun Average, Turkey, TUR
15.5, 1962, Jul Average, Turkey, TUR
15.7, 1962, Aug Average, Turkey, TUR
11.0, 1962, Sep Average, Turkey, TUR
7.5, 1962, Oct Average, Turkey, TUR
4.6, 1962, Nov Average, Turkey, TUR
0.4, 1962, Dec Average, Turkey, TUR
-1.5, 1963, Jan Average, Turkey, TUR
-0.4, 1963, Feb Average, Turkey, TUR
-2.2, 1963, Mar Average, Turkey, TUR
4.1, 1963, Apr Average, Turkey, TUR
7.8, 1963, May Average, Turkey, TUR
11.5, 1963, Jun Average, Turkey, TUR
15.0, 1963, Jul Average, Turkey, TUR
14.9, 1963, Aug Average, Turkey, TUR
11.6, 1963, Sep Average, Turkey, TUR
7.6, 1963, Oct Average, Turkey, TUR
1.9, 1963, Nov Average, Turkey, TUR
-2.0, 1963, Dec Average, Turkey, TUR
-10.3, 1964, Jan Average, Turkey, TUR
-4.4, 1964, Feb Average, Turkey, TUR
0.7, 1964, Mar Average, Turkey, TUR
3.2, 1964, Apr Average, Turkey, TUR
7.2, 1964, May Average, Turkey, TUR
12.2, 1964, Jun Average, Turkey, TUR
14.3, 1964, Jul Average, Turkey, TUR
13.2, 1964, Aug Average, Turkey, TUR
10.0, 1964, Sep Average, Turkey, TUR
5.4, 1964, Oct Average, Turkey, TUR
1.7, 1964, Nov Average, Turkey, TUR
-1.8, 1964, Dec Average, Turkey, TUR
-4.4, 1965, Jan Average, Turkey, TUR
-4.8, 1965, Feb Average, Turkey, TUR
0.4, 1965, Mar Average, Turkey, TUR
3.5, 1965, Apr Average, Turkey, TUR
7.6, 1965, May Average, Turkey, TUR
12.3, 1965, Jun Average, Turkey, TUR
14.4, 1965, Jul Average, Turkey, TUR
14.4, 1965, Aug Average, Turkey, TUR
10.7, 1965, Sep Average, Turkey, TUR
4.1, 1965, Oct Average, Turkey, TUR
1.1, 1965, Nov Average, Turkey, TUR
-0.6, 1965, Dec Average, Turkey, TUR
-0.5, 1966, Jan Average, Turkey, TUR
-0.0, 1966, Feb Average, Turkey, TUR
0.6, 1966, Mar Average, Turkey, TUR
5.7, 1966, Apr Average, Turkey, TUR
7.8, 1966, May Average, Turkey, TUR
11.6, 1966, Jun Average, Turkey, TUR
15.1, 1966, Jul Average, Turkey, TUR
15.7, 1966, Aug Average, Turkey, TUR
10.8, 1966, Sep Average, Turkey, TUR
7.8, 1966, Oct Average, Turkey, TUR
5.1, 1966, Nov Average, Turkey, TUR
-0.2, 1966, Dec Average, Turkey, TUR
-4.9, 1967, Jan Average, Turkey, TUR
-7.3, 1967, Feb Average, Turkey, TUR
-1.7, 1967, Mar Average, Turkey, TUR
3.3, 1967, Apr Average, Turkey, TUR
8.5, 1967, May Average, Turkey, TUR
10.5, 1967, Jun Average, Turkey, TUR
14.2, 1967, Jul Average, Turkey, TUR
14.7, 1967, Aug Average, Turkey, TUR
10.4, 1967, Sep Average, Turkey, TUR
6.7, 1967, Oct Average, Turkey, TUR
1.7, 1967, Nov Average, Turkey, TUR
-1.4, 1967, Dec Average, Turkey, TUR
-6.0, 1968, Jan Average, Turkey, TUR
-4.4, 1968, Feb Average, Turkey, TUR
-1.1, 1968, Mar Average, Turkey, TUR
5.7, 1968, Apr Average, Turkey, TUR
10.2, 1968, May Average, Turkey, TUR
11.3, 1968, Jun Average, Turkey, TUR
14.7, 1968, Jul Average, Turkey, TUR
13.1, 1968, Aug Average, Turkey, TUR
11.0, 1968, Sep Average, Turkey, TUR
7.0, 1968, Oct Average, Turkey, TUR
3.4, 1968, Nov Average, Turkey, TUR
-0.5, 1968, Dec Average, Turkey, TUR
-4.1, 1969, Jan Average, Turkey, TUR
-3.9, 1969, Feb Average, Turkey, TUR
1.3, 1969, Mar Average, Turkey, TUR
2.8, 1969, Apr Average, Turkey, TUR
9.1, 1969, May Average, Turkey, TUR
12.5, 1969, Jun Average, Turkey, TUR
13.3, 1969, Jul Average, Turkey, TUR
14.4, 1969, Aug Average, Turkey, TUR
11.3, 1969, Sep Average, Turkey, TUR
6.4, 1969, Oct Average, Turkey, TUR
0.6, 1969, Nov Average, Turkey, TUR
0.2, 1969, Dec Average, Turkey, TUR
-1.6, 1970, Jan Average, Turkey, TUR
-0.7, 1970, Feb Average, Turkey, TUR
1.7, 1970, Mar Average, Turkey, TUR
5.8, 1970, Apr Average, Turkey, TUR
7.9, 1970, May Average, Turkey, TUR
11.9, 1970, Jun Average, Turkey, TUR
15.2, 1970, Jul Average, Turkey, TUR
14.3, 1970, Aug Average, Turkey, TUR
10.5, 1970, Sep Average, Turkey, TUR
5.4, 1970, Oct Average, Turkey, TUR
3.3, 1970, Nov Average, Turkey, TUR
-3.0, 1970, Dec Average, Turkey, TUR
-3.1, 1971, Jan Average, Turkey, TUR
-3.2, 1971, Feb Average, Turkey, TUR
0.5, 1971, Mar Average, Turkey, TUR
4.1, 1971, Apr Average, Turkey, TUR
8.9, 1971, May Average, Turkey, TUR
11.5, 1971, Jun Average, Turkey, TUR
14.7, 1971, Jul Average, Turkey, TUR
14.5, 1971, Aug Average, Turkey, TUR
11.4, 1971, Sep Average, Turkey, TUR
4.3, 1971, Oct Average, Turkey, TUR
2.0, 1971, Nov Average, Turkey, TUR
-3.6, 1971, Dec Average, Turkey, TUR
-9.4, 1972, Jan Average, Turkey, TUR
-7.3, 1972, Feb Average, Turkey, TUR
-1.3, 1972, Mar Average, Turkey, TUR
6.0, 1972, Apr Average, Turkey, TUR
8.0, 1972, May Average, Turkey, TUR
12.1, 1972, Jun Average, Turkey, TUR
14.9, 1972, Jul Average, Turkey, TUR
14.6, 1972, Aug Average, Turkey, TUR
11.5, 1972, Sep Average, Turkey, TUR
7.5, 1972, Oct Average, Turkey, TUR
0.2, 1972, Nov Average, Turkey, TUR
-5.5, 1972, Dec Average, Turkey, TUR
-6.7, 1973, Jan Average, Turkey, TUR
-1.9, 1973, Feb Average, Turkey, TUR
-1.0, 1973, Mar Average, Turkey, TUR
4.0, 1973, Apr Average, Turkey, TUR
8.5, 1973, May Average, Turkey, TUR
11.0, 1973, Jun Average, Turkey, TUR
14.5, 1973, Jul Average, Turkey, TUR
14.2, 1973, Aug Average, Turkey, TUR
11.2, 1973, Sep Average, Turkey, TUR
7.2, 1973, Oct Average, Turkey, TUR
-1.1, 1973, Nov Average, Turkey, TUR
-3.4, 1973, Dec Average, Turkey, TUR
-7.7, 1974, Jan Average, Turkey, TUR
-4.6, 1974, Feb Average, Turkey, TUR
1.3, 1974, Mar Average, Turkey, TUR
3.1, 1974, Apr Average, Turkey, TUR
8.3, 1974, May Average, Turkey, TUR
12.2, 1974, Jun Average, Turkey, TUR
14.1, 1974, Jul Average, Turkey, TUR
13.8, 1974, Aug Average, Turkey, TUR
10.0, 1974, Sep Average, Turkey, TUR
8.5, 1974, Oct Average, Turkey, TUR
2.2, 1974, Nov Average, Turkey, TUR
-2.4, 1974, Dec Average, Turkey, TUR
-5.3, 1975, Jan Average, Turkey, TUR
-4.0, 1975, Feb Average, Turkey, TUR
0.1, 1975, Mar Average, Turkey, TUR
6.1, 1975, Apr Average, Turkey, TUR
8.5, 1975, May Average, Turkey, TUR
12.3, 1975, Jun Average, Turkey, TUR
15.4, 1975, Jul Average, Turkey, TUR
13.9, 1975, Aug Average, Turkey, TUR
11.3, 1975, Sep Average, Turkey, TUR
5.4, 1975, Oct Average, Turkey, TUR
0.7, 1975, Nov Average, Turkey, TUR
-5.1, 1975, Dec Average, Turkey, TUR
-5.7, 1976, Jan Average, Turkey, TUR
-7.2, 1976, Feb Average, Turkey, TUR
-1.5, 1976, Mar Average, Turkey, TUR
4.4, 1976, Apr Average, Turkey, TUR
7.9, 1976, May Average, Turkey, TUR
11.2, 1976, Jun Average, Turkey, TUR
13.3, 1976, Jul Average, Turkey, TUR
13.3, 1976, Aug Average, Turkey, TUR
9.7, 1976, Sep Average, Turkey, TUR
7.1, 1976, Oct Average, Turkey, TUR
2.1, 1976, Nov Average, Turkey, TUR
-1.2, 1976, Dec Average, Turkey, TUR
-5.7, 1977, Jan Average, Turkey, TUR
-0.5, 1977, Feb Average, Turkey, TUR
-0.0, 1977, Mar Average, Turkey, TUR
4.5, 1977, Apr Average, Turkey, TUR
8.4, 1977, May Average, Turkey, TUR
11.7, 1977, Jun Average, Turkey, TUR
14.5, 1977, Jul Average, Turkey, TUR
14.4, 1977, Aug Average, Turkey, TUR
11.2, 1977, Sep Average, Turkey, TUR
3.3, 1977, Oct Average, Turkey, TUR
2.6, 1977, Nov Average, Turkey, TUR
-3.3, 1977, Dec Average, Turkey, TUR
-3.1, 1978, Jan Average, Turkey, TUR
-0.7, 1978, Feb Average, Turkey, TUR
1.0, 1978, Mar Average, Turkey, TUR
4.2, 1978, Apr Average, Turkey, TUR
8.2, 1978, May Average, Turkey, TUR
10.9, 1978, Jun Average, Turkey, TUR
14.9, 1978, Jul Average, Turkey, TUR
13.2, 1978, Aug Average, Turkey, TUR
10.2, 1978, Sep Average, Turkey, TUR
7.2, 1978, Oct Average, Turkey, TUR
-1.3, 1978, Nov Average, Turkey, TUR
-0.8, 1978, Dec Average, Turkey, TUR
-2.4, 1979, Jan Average, Turkey, TUR
-0.5, 1979, Feb Average, Turkey, TUR
1.1, 1979, Mar Average, Turkey, TUR
4.2, 1979, Apr Average, Turkey, TUR
8.7, 1979, May Average, Turkey, TUR
12.1, 1979, Jun Average, Turkey, TUR
13.8, 1979, Jul Average, Turkey, TUR
14.9, 1979, Aug Average, Turkey, TUR
11.4, 1979, Sep Average, Turkey, TUR
7.3, 1979, Oct Average, Turkey, TUR
3.1, 1979, Nov Average, Turkey, TUR
-2.1, 1979, Dec Average, Turkey, TUR
-5.8, 1980, Jan Average, Turkey, TUR
-3.9, 1980, Feb Average, Turkey, TUR
-0.6, 1980, Mar Average, Turkey, TUR
3.8, 1980, Apr Average, Turkey, TUR
7.9, 1980, May Average, Turkey, TUR
11.9, 1980, Jun Average, Turkey, TUR
15.5, 1980, Jul Average, Turkey, TUR
14.2, 1980, Aug Average, Turkey, TUR
9.7, 1980, Sep Average, Turkey, TUR
6.1, 1980, Oct Average, Turkey, TUR
2.9, 1980, Nov Average, Turkey, TUR
-0.9, 1980, Dec Average, Turkey, TUR
-1.9, 1981, Jan Average, Turkey, TUR
-1.6, 1981, Feb Average, Turkey, TUR
1.7, 1981, Mar Average, Turkey, TUR
3.4, 1981, Apr Average, Turkey, TUR
6.6, 1981, May Average, Turkey, TUR
12.1, 1981, Jun Average, Turkey, TUR
15.1, 1981, Jul Average, Turkey, TUR
14.4, 1981, Aug Average, Turkey, TUR
11.0, 1981, Sep Average, Turkey, TUR
7.6, 1981, Oct Average, Turkey, TUR
0.9, 1981, Nov Average, Turkey, TUR
1.5, 1981, Dec Average, Turkey, TUR
-3.0, 1982, Jan Average, Turkey, TUR
-4.4, 1982, Feb Average, Turkey, TUR
-1.1, 1982, Mar Average, Turkey, TUR
5.2, 1982, Apr Average, Turkey, TUR
8.2, 1982, May Average, Turkey, TUR
11.3, 1982, Jun Average, Turkey, TUR
13.2, 1982, Jul Average, Turkey, TUR
13.7, 1982, Aug Average, Turkey, TUR
11.5, 1982, Sep Average, Turkey, TUR
6.2, 1982, Oct Average, Turkey, TUR
-0.1, 1982, Nov Average, Turkey, TUR
-2.8, 1982, Dec Average, Turkey, TUR
-5.7, 1983, Jan Average, Turkey, TUR
-3.6, 1983, Feb Average, Turkey, TUR
-0.1, 1983, Mar Average, Turkey, TUR
4.8, 1983, Apr Average, Turkey, TUR
8.8, 1983, May Average, Turkey, TUR
11.1, 1983, Jun Average, Turkey, TUR
14.6, 1983, Jul Average, Turkey, TUR
13.2, 1983, Aug Average, Turkey, TUR
10.1, 1983, Sep Average, Turkey, TUR
5.4, 1983, Oct Average, Turkey, TUR
3.8, 1983, Nov Average, Turkey, TUR
-0.9, 1983, Dec Average, Turkey, TUR
-1.8, 1984, Jan Average, Turkey, TUR
-2.1, 1984, Feb Average, Turkey, TUR
1.0, 1984, Mar Average, Turkey, TUR
3.8, 1984, Apr Average, Turkey, TUR
8.4, 1984, May Average, Turkey, TUR
11.5, 1984, Jun Average, Turkey, TUR
14.4, 1984, Jul Average, Turkey, TUR
12.7, 1984, Aug Average, Turkey, TUR
11.1, 1984, Sep Average, Turkey, TUR
5.7, 1984, Oct Average, Turkey, TUR
2.5, 1984, Nov Average, Turkey, TUR
-4.3, 1984, Dec Average, Turkey, TUR
-1.9, 1985, Jan Average, Turkey, TUR
-5.9, 1985, Feb Average, Turkey, TUR
-2.4, 1985, Mar Average, Turkey, TUR
5.2, 1985, Apr Average, Turkey, TUR
9.7, 1985, May Average, Turkey, TUR
12.0, 1985, Jun Average, Turkey, TUR
13.3, 1985, Jul Average, Turkey, TUR
15.1, 1985, Aug Average, Turkey, TUR
10.4, 1985, Sep Average, Turkey, TUR
5.0, 1985, Oct Average, Turkey, TUR
3.8, 1985, Nov Average, Turkey, TUR
-1.7, 1985, Dec Average, Turkey, TUR
-2.7, 1986, Jan Average, Turkey, TUR
-1.8, 1986, Feb Average, Turkey, TUR
-0.3, 1986, Mar Average, Turkey, TUR
5.3, 1986, Apr Average, Turkey, TUR
6.9, 1986, May Average, Turkey, TUR
11.7, 1986, Jun Average, Turkey, TUR
15.0, 1986, Jul Average, Turkey, TUR
15.6, 1986, Aug Average, Turkey, TUR
12.4, 1986, Sep Average, Turkey, TUR
6.2, 1986, Oct Average, Turkey, TUR
-0.2, 1986, Nov Average, Turkey, TUR
-3.7, 1986, Dec Average, Turkey, TUR
-2.9, 1987, Jan Average, Turkey, TUR
-1.7, 1987, Feb Average, Turkey, TUR
-3.8, 1987, Mar Average, Turkey, TUR
2.9, 1987, Apr Average, Turkey, TUR
8.1, 1987, May Average, Turkey, TUR
11.9, 1987, Jun Average, Turkey, TUR
15.2, 1987, Jul Average, Turkey, TUR
13.9, 1987, Aug Average, Turkey, TUR
10.5, 1987, Sep Average, Turkey, TUR
6.0, 1987, Oct Average, Turkey, TUR
1.0, 1987, Nov Average, Turkey, TUR
-1.6, 1987, Dec Average, Turkey, TUR
-4.4, 1988, Jan Average, Turkey, TUR
-3.2, 1988, Feb Average, Turkey, TUR
-0.6, 1988, Mar Average, Turkey, TUR
4.1, 1988, Apr Average, Turkey, TUR
8.3, 1988, May Average, Turkey, TUR
11.7, 1988, Jun Average, Turkey, TUR
15.5, 1988, Jul Average, Turkey, TUR
14.6, 1988, Aug Average, Turkey, TUR
10.5, 1988, Sep Average, Turkey, TUR
6.7, 1988, Oct Average, Turkey, TUR
-0.6, 1988, Nov Average, Turkey, TUR
-1.5, 1988, Dec Average, Turkey, TUR
-7.7, 1989, Jan Average, Turkey, TUR
-5.4, 1989, Feb Average, Turkey, TUR
1.3, 1989, Mar Average, Turkey, TUR
6.3, 1989, Apr Average, Turkey, TUR
8.4, 1989, May Average, Turkey, TUR
11.4, 1989, Jun Average, Turkey, TUR
15.2, 1989, Jul Average, Turkey, TUR
15.0, 1989, Aug Average, Turkey, TUR
10.9, 1989, Sep Average, Turkey, TUR
6.2, 1989, Oct Average, Turkey, TUR
1.7, 1989, Nov Average, Turkey, TUR
-3.2, 1989, Dec Average, Turkey, TUR
-7.4, 1990, Jan Average, Turkey, TUR
-3.8, 1990, Feb Average, Turkey, TUR
-1.0, 1990, Mar Average, Turkey, TUR
4.4, 1990, Apr Average, Turkey, TUR
7.8, 1990, May Average, Turkey, TUR
11.5, 1990, Jun Average, Turkey, TUR
15.4, 1990, Jul Average, Turkey, TUR
13.9, 1990, Aug Average, Turkey, TUR
10.2, 1990, Sep Average, Turkey, TUR
6.4, 1990, Oct Average, Turkey, TUR
2.9, 1990, Nov Average, Turkey, TUR
-1.2, 1990, Dec Average, Turkey, TUR
-4.5, 1991, Jan Average, Turkey, TUR
-4.5, 1991, Feb Average, Turkey, TUR
1.0, 1991, Mar Average, Turkey, TUR
5.1, 1991, Apr Average, Turkey, TUR
7.2, 1991, May Average, Turkey, TUR
12.3, 1991, Jun Average, Turkey, TUR
15.1, 1991, Jul Average, Turkey, TUR
15.2, 1991, Aug Average, Turkey, TUR
10.7, 1991, Sep Average, Turkey, TUR
7.7, 1991, Oct Average, Turkey, TUR
2.3, 1991, Nov Average, Turkey, TUR
-3.7, 1991, Dec Average, Turkey, TUR
-7.2, 1992, Jan Average, Turkey, TUR
-7.1, 1992, Feb Average, Turkey, TUR
-2.2, 1992, Mar Average, Turkey, TUR
3.6, 1992, Apr Average, Turkey, TUR
7.3, 1992, May Average, Turkey, TUR
11.5, 1992, Jun Average, Turkey, TUR
13.3, 1992, Jul Average, Turkey, TUR
14.7, 1992, Aug Average, Turkey, TUR
9.9, 1992, Sep Average, Turkey, TUR
7.5, 1992, Oct Average, Turkey, TUR
0.7, 1992, Nov Average, Turkey, TUR
-4.2, 1992, Dec Average, Turkey, TUR
-6.2, 1993, Jan Average, Turkey, TUR
-5.4, 1993, Feb Average, Turkey, TUR
-1.3, 1993, Mar Average, Turkey, TUR
3.9, 1993, Apr Average, Turkey, TUR
7.8, 1993, May Average, Turkey, TUR
11.7, 1993, Jun Average, Turkey, TUR
14.5, 1993, Jul Average, Turkey, TUR
14.9, 1993, Aug Average, Turkey, TUR
10.6, 1993, Sep Average, Turkey, TUR
6.7, 1993, Oct Average, Turkey, TUR
-0.5, 1993, Nov Average, Turkey, TUR
-1.1, 1993, Dec Average, Turkey, TUR
-1.7, 1994, Jan Average, Turkey, TUR
-3.0, 1994, Feb Average, Turkey, TUR
0.3, 1994, Mar Average, Turkey, TUR
5.9, 1994, Apr Average, Turkey, TUR
9.1, 1994, May Average, Turkey, TUR
11.8, 1994, Jun Average, Turkey, TUR
15.1, 1994, Jul Average, Turkey, TUR
14.9, 1994, Aug Average, Turkey, TUR
13.3, 1994, Sep Average, Turkey, TUR
9.0, 1994, Oct Average, Turkey, TUR
1.7, 1994, Nov Average, Turkey, TUR
-3.9, 1994, Dec Average, Turkey, TUR
-3.0, 1995, Jan Average, Turkey, TUR
-1.9, 1995, Feb Average, Turkey, TUR
0.5, 1995, Mar Average, Turkey, TUR
3.9, 1995, Apr Average, Turkey, TUR
9.2, 1995, May Average, Turkey, TUR
13.1, 1995, Jun Average, Turkey, TUR
14.7, 1995, Jul Average, Turkey, TUR
15.1, 1995, Aug Average, Turkey, TUR
11.5, 1995, Sep Average, Turkey, TUR
5.6, 1995, Oct Average, Turkey, TUR
-0.1, 1995, Nov Average, Turkey, TUR
-2.3, 1995, Dec Average, Turkey, TUR
-3.3, 1996, Jan Average, Turkey, TUR
-1.8, 1996, Feb Average, Turkey, TUR
-0.3, 1996, Mar Average, Turkey, TUR
3.5, 1996, Apr Average, Turkey, TUR
10.1, 1996, May Average, Turkey, TUR
12.1, 1996, Jun Average, Turkey, TUR
16.0, 1996, Jul Average, Turkey, TUR
15.4, 1996, Aug Average, Turkey, TUR
11.0, 1996, Sep Average, Turkey, TUR
6.2, 1996, Oct Average, Turkey, TUR
1.8, 1996, Nov Average, Turkey, TUR
1.5, 1996, Dec Average, Turkey, TUR
-3.3, 1997, Jan Average, Turkey, TUR
-5.3, 1997, Feb Average, Turkey, TUR
-2.9, 1997, Mar Average, Turkey, TUR
2.3, 1997, Apr Average, Turkey, TUR
9.3, 1997, May Average, Turkey, TUR
12.4, 1997, Jun Average, Turkey, TUR
14.9, 1997, Jul Average, Turkey, TUR
14.0, 1997, Aug Average, Turkey, TUR
9.5, 1997, Sep Average, Turkey, TUR
7.5, 1997, Oct Average, Turkey, TUR
1.8, 1997, Nov Average, Turkey, TUR
-1.2, 1997, Dec Average, Turkey, TUR
-4.3, 1998, Jan Average, Turkey, TUR
-4.4, 1998, Feb Average, Turkey, TUR
-1.3, 1998, Mar Average, Turkey, TUR
5.8, 1998, Apr Average, Turkey, TUR
9.2, 1998, May Average, Turkey, TUR
13.3, 1998, Jun Average, Turkey, TUR
15.9, 1998, Jul Average, Turkey, TUR
16.4, 1998, Aug Average, Turkey, TUR
11.7, 1998, Sep Average, Turkey, TUR
7.2, 1998, Oct Average, Turkey, TUR
4.2, 1998, Nov Average, Turkey, TUR
-0.4, 1998, Dec Average, Turkey, TUR
-2.2, 1999, Jan Average, Turkey, TUR
-2.2, 1999, Feb Average, Turkey, TUR
0.3, 1999, Mar Average, Turkey, TUR
4.9, 1999, Apr Average, Turkey, TUR
9.0, 1999, May Average, Turkey, TUR
13.1, 1999, Jun Average, Turkey, TUR
16.2, 1999, Jul Average, Turkey, TUR
16.1, 1999, Aug Average, Turkey, TUR
11.2, 1999, Sep Average, Turkey, TUR
7.7, 1999, Oct Average, Turkey, TUR
1.5, 1999, Nov Average, Turkey, TUR
-0.9, 1999, Dec Average, Turkey, TUR
-6.3, 2000, Jan Average, Turkey, TUR
-4.7, 2000, Feb Average, Turkey, TUR
-2.3, 2000, Mar Average, Turkey, TUR
6.3, 2000, Apr Average, Turkey, TUR
8.5, 2000, May Average, Turkey, TUR
12.5, 2000, Jun Average, Turkey, TUR
16.6, 2000, Jul Average, Turkey, TUR
15.5, 2000, Aug Average, Turkey, TUR
11.6, 2000, Sep Average, Turkey, TUR
6.5, 2000, Oct Average, Turkey, TUR
1.8, 2000, Nov Average, Turkey, TUR
-1.8, 2000, Dec Average, Turkey, TUR
-3.2, 2001, Jan Average, Turkey, TUR
-2.1, 2001, Feb Average, Turkey, TUR
3.6, 2001, Mar Average, Turkey, TUR
5.4, 2001, Apr Average, Turkey, TUR
8.2, 2001, May Average, Turkey, TUR
12.7, 2001, Jun Average, Turkey, TUR
16.6, 2001, Jul Average, Turkey, TUR
16.4, 2001, Aug Average, Turkey, TUR
12.3, 2001, Sep Average, Turkey, TUR
6.6, 2001, Oct Average, Turkey, TUR
1.5, 2001, Nov Average, Turkey, TUR
-1.3, 2001, Dec Average, Turkey, TUR
-7.1, 2002, Jan Average, Turkey, TUR
-2.1, 2002, Feb Average, Turkey, TUR
1.4, 2002, Mar Average, Turkey, TUR
4.4, 2002, Apr Average, Turkey, TUR
8.1, 2002, May Average, Turkey, TUR
12.8, 2002, Jun Average, Turkey, TUR
16.1, 2002, Jul Average, Turkey, TUR
15.2, 2002, Aug Average, Turkey, TUR
11.8, 2002, Sep Average, Turkey, TUR
7.6, 2002, Oct Average, Turkey, TUR
2.2, 2002, Nov Average, Turkey, TUR
-5.1, 2002, Dec Average, Turkey, TUR
-1.3, 2003, Jan Average, Turkey, TUR
-4.4, 2003, Feb Average, Turkey, TUR
-2.3, 2003, Mar Average, Turkey, TUR
3.7, 2003, Apr Average, Turkey, TUR
9.7, 2003, May Average, Turkey, TUR
12.7, 2003, Jun Average, Turkey, TUR
15.4, 2003, Jul Average, Turkey, TUR
15.7, 2003, Aug Average, Turkey, TUR
11.1, 2003, Sep Average, Turkey, TUR
8.2, 2003, Oct Average, Turkey, TUR
1.8, 2003, Nov Average, Turkey, TUR
-2.1, 2003, Dec Average, Turkey, TUR
-4.0, 2004, Jan Average, Turkey, TUR
-3.3, 2004, Feb Average, Turkey, TUR
0.5, 2004, Mar Average, Turkey, TUR
3.9, 2004, Apr Average, Turkey, TUR
8.2, 2004, May Average, Turkey, TUR
12.2, 2004, Jun Average, Turkey, TUR
14.8, 2004, Jul Average, Turkey, TUR
15.0, 2004, Aug Average, Turkey, TUR
11.0, 2004, Sep Average, Turkey, TUR
7.8, 2004, Oct Average, Turkey, TUR
1.9, 2004, Nov Average, Turkey, TUR
-3.4, 2004, Dec Average, Turkey, TUR
-3.7, 2005, Jan Average, Turkey, TUR
-3.8, 2005, Feb Average, Turkey, TUR
0.1, 2005, Mar Average, Turkey, TUR
4.9, 2005, Apr Average, Turkey, TUR
8.9, 2005, May Average, Turkey, TUR
11.8, 2005, Jun Average, Turkey, TUR
16.1, 2005, Jul Average, Turkey, TUR
16.2, 2005, Aug Average, Turkey, TUR
11.6, 2005, Sep Average, Turkey, TUR
6.0, 2005, Oct Average, Turkey, TUR
1.6, 2005, Nov Average, Turkey, TUR
-1.3, 2005, Dec Average, Turkey, TUR
-5.6, 2006, Jan Average, Turkey, TUR
-3.4, 2006, Feb Average, Turkey, TUR
1.0, 2006, Mar Average, Turkey, TUR
5.8, 2006, Apr Average, Turkey, TUR
8.8, 2006, May Average, Turkey, TUR
13.3, 2006, Jun Average, Turkey, TUR
15.4, 2006, Jul Average, Turkey, TUR
16.8, 2006, Aug Average, Turkey, TUR
11.7, 2006, Sep Average, Turkey, TUR
8.4, 2006, Oct Average, Turkey, TUR
0.3, 2006, Nov Average, Turkey, TUR
-4.4, 2006, Dec Average, Turkey, TUR
-5.6, 2007, Jan Average, Turkey, TUR
-3.4, 2007, Feb Average, Turkey, TUR
0.4, 2007, Mar Average, Turkey, TUR
2.8, 2007, Apr Average, Turkey, TUR
10.3, 2007, May Average, Turkey, TUR
13.6, 2007, Jun Average, Turkey, TUR
16.2, 2007, Jul Average, Turkey, TUR
16.4, 2007, Aug Average, Turkey, TUR
12.0, 2007, Sep Average, Turkey, TUR
8.3, 2007, Oct Average, Turkey, TUR
2.0, 2007, Nov Average, Turkey, TUR
-2.9, 2007, Dec Average, Turkey, TUR
-8.3, 2008, Jan Average, Turkey, TUR
-5.9, 2008, Feb Average, Turkey, TUR
2.8, 2008, Mar Average, Turkey, TUR
6.6, 2008, Apr Average, Turkey, TUR
7.8, 2008, May Average, Turkey, TUR
13.1, 2008, Jun Average, Turkey, TUR
15.7, 2008, Jul Average, Turkey, TUR
16.9, 2008, Aug Average, Turkey, TUR
12.3, 2008, Sep Average, Turkey, TUR
7.6, 2008, Oct Average, Turkey, TUR
3.0, 2008, Nov Average, Turkey, TUR
-2.9, 2008, Dec Average, Turkey, TUR
-4.0, 2009, Jan Average, Turkey, TUR
-0.8, 2009, Feb Average, Turkey, TUR
0.2, 2009, Mar Average, Turkey, TUR
3.9, 2009, Apr Average, Turkey, TUR
8.4, 2009, May Average, Turkey, TUR
12.9, 2009, Jun Average, Turkey, TUR
15.5, 2009, Jul Average, Turkey, TUR
14.3, 2009, Aug Average, Turkey, TUR
10.9, 2009, Sep Average, Turkey, TUR
8.3, 2009, Oct Average, Turkey, TUR
2.3, 2009, Nov Average, Turkey, TUR
0.8, 2009, Dec Average, Turkey, TUR
-1.3, 2010, Jan Average, Turkey, TUR
0.2, 2010, Feb Average, Turkey, TUR
2.0, 2010, Mar Average, Turkey, TUR
5.0, 2010, Apr Average, Turkey, TUR
9.3, 2010, May Average, Turkey, TUR
13.2, 2010, Jun Average, Turkey, TUR
16.4, 2010, Jul Average, Turkey, TUR
17.0, 2010, Aug Average, Turkey, TUR
13.3, 2010, Sep Average, Turkey, TUR
8.3, 2010, Oct Average, Turkey, TUR
3.7, 2010, Nov Average, Turkey, TUR
0.5, 2010, Dec Average, Turkey, TUR
-2.9, 2011, Jan Average, Turkey, TUR
-2.9, 2011, Feb Average, Turkey, TUR
-0.1, 2011, Mar Average, Turkey, TUR
4.5, 2011, Apr Average, Turkey, TUR
8.2, 2011, May Average, Turkey, TUR
12.1, 2011, Jun Average, Turkey, TUR
16.0, 2011, Jul Average, Turkey, TUR
15.4, 2011, Aug Average, Turkey, TUR
12.2, 2011, Sep Average, Turkey, TUR
5.8, 2011, Oct Average, Turkey, TUR
-1.5, 2011, Nov Average, Turkey, TUR
-2.9, 2011, Dec Average, Turkey, TUR
-4.7, 2012, Jan Average, Turkey, TUR
-6.5, 2012, Feb Average, Turkey, TUR
-2.1, 2012, Mar Average, Turkey, TUR
5.8, 2012, Apr Average, Turkey, TUR
9.5, 2012, May Average, Turkey, TUR
13.9, 2012, Jun Average, Turkey, TUR
16.6, 2012, Jul Average, Turkey, TUR
15.9, 2012, Aug Average, Turkey, TUR
12.9, 2012, Sep Average, Turkey, TUR
9.2, 2012, Oct Average, Turkey, TUR
4.6, 2012, Nov Average, Turkey, TUR
-0.7, 2012, Dec Average, Turkey, TUR
-2.9, 2013, Jan Average, Turkey, TUR
-0.7, 2013, Feb Average, Turkey, TUR
1.5, 2013, Mar Average, Turkey, TUR
5.6, 2013, Apr Average, Turkey, TUR
11.0, 2013, May Average, Turkey, TUR
12.8, 2013, Jun Average, Turkey, TUR
15.2, 2013, Jul Average, Turkey, TUR
15.6, 2013, Aug Average, Turkey, TUR
11.2, 2013, Sep Average, Turkey, TUR
4.8, 2013, Oct Average, Turkey, TUR
2.9, 2013, Nov Average, Turkey, TUR
-5.1, 2013, Dec Average, Turkey, TUR
-2.8, 2014, Jan Average, Turkey, TUR
-1.7, 2014, Feb Average, Turkey, TUR
1.7, 2014, Mar Average, Turkey, TUR
5.4, 2014, Apr Average, Turkey, TUR
9.0, 2014, May Average, Turkey, TUR
12.3, 2014, Jun Average, Turkey, TUR
15.9, 2014, Jul Average, Turkey, TUR
16.6, 2014, Aug Average, Turkey, TUR
12.2, 2014, Sep Average, Turkey, TUR
7.7, 2014, Oct Average, Turkey, TUR
2.0, 2014, Nov Average, Turkey, TUR
1.2, 2014, Dec Average, Turkey, TUR
-3.7, 2015, Jan Average, Turkey, TUR
-1.8, 2015, Feb Average, Turkey, TUR
0.9, 2015, Mar Average, Turkey, TUR
3.4, 2015, Apr Average, Turkey, TUR
8.6, 2015, May Average, Turkey, TUR
11.8, 2015, Jun Average, Turkey, TUR
15.7, 2015, Jul Average, Turkey, TUR
14.7, 2015, Aug Average, Turkey, TUR
13.7, 2015, Sep Average, Turkey, TUR
8.8, 2015, Oct Average, Turkey, TUR
2.4, 2015, Nov Average, Turkey, TUR
-3.6, 2015, Dec Average, Turkey, TUR
-4.1, 2016, Jan Average, Turkey, TUR
0.1, 2016, Feb Average, Turkey, TUR
1.6, 2016, Mar Average, Turkey, TUR
6.1, 2016, Apr Average, Turkey, TUR
8.7, 2016, May Average, Turkey, TUR
13.5, 2016, Jun Average, Turkey, TUR
15.9, 2016, Jul Average, Turkey, TUR
16.7, 2016, Aug Average, Turkey, TUR
11.5, 2016, Sep Average, Turkey, TUR
7.2, 2016, Oct Average, Turkey, TUR
0.4, 2016, Nov Average, Turkey, TUR
-4.8, 2016, Dec Average, Turkey, TUR
-6.2, 2017, Jan Average, Turkey, TUR
-4.6, 2017, Feb Average, Turkey, TUR
1.1, 2017, Mar Average, Turkey, TUR
3.9, 2017, Apr Average, Turkey, TUR
8.6, 2017, May Average, Turkey, TUR
12.9, 2017, Jun Average, Turkey, TUR
16.3, 2017, Jul Average, Turkey, TUR
16.5, 2017, Aug Average, Turkey, TUR
13.1, 2017, Sep Average, Turkey, TUR
6.6, 2017, Oct Average, Turkey, TUR
2.0, 2017, Nov Average, Turkey, TUR
-0.5, 2017, Dec Average, Turkey, TUR
-1.9, 2018, Jan Average, Turkey, TUR
0.0, 2018, Feb Average, Turkey, TUR
3.5, 2018, Mar Average, Turkey, TUR
6.3, 2018, Apr Average, Turkey, TUR
10.2, 2018, May Average, Turkey, TUR
13.0, 2018, Jun Average, Turkey, TUR
16.2, 2018, Jul Average, Turkey, TUR
16.2, 2018, Aug Average, Turkey, TUR
12.9, 2018, Sep Average, Turkey, TUR
8.4, 2018, Oct Average, Turkey, TUR
3.5, 2018, Nov Average, Turkey, TUR
-0.3, 2018, Dec Average, Turkey, TUR
-2.8, 2019, Jan Average, Turkey, TUR
-1.7, 2019, Feb Average, Turkey, TUR
0.4, 2019, Mar Average, Turkey, TUR
4.0, 2019, Apr Average, Turkey, TUR
9.6, 2019, May Average, Turkey, TUR
14.1, 2019, Jun Average, Turkey, TUR
15.0, 2019, Jul Average, Turkey, TUR
16.1, 2019, Aug Average, Turkey, TUR
12.2, 2019, Sep Average, Turkey, TUR
9.1, 2019, Oct Average, Turkey, TUR
2.8, 2019, Nov Average, Turkey, TUR
0.1, 2019, Dec Average, Turkey, TUR
-3.6, 2020, Jan Average, Turkey, TUR
-2.0, 2020, Feb Average, Turkey, TUR
2.3, 2020, Mar Average, Turkey, TUR
4.4, 2020, Apr Average, Turkey, TUR
8.7, 2020, May Average, Turkey, TUR
12.4, 2020, Jun Average, Turkey, TUR
16.5, 2020, Jul Average, Turkey, TUR
15.5, 2020, Aug Average, Turkey, TUR
14.3, 2020, Sep Average, Turkey, TUR
9.3, 2020, Oct Average, Turkey, TUR
2.2, 2020, Nov Average, Turkey, TUR
-0.1, 2020, Dec Average, Turkey, TUR
